MapDate,FIPS,County,State,None,D0,D1,D2,D3,D4,ValidStart,ValidEnd,StatisticFormatID
20260602,48265,Kerr County,TX,83.03,16.97,2.41,0,0,0,06-02-26,06-08-26,1
20260526,48265,Kerr County,TX,82.64,17.36,2.41,0,0,0,05-26-26,06-01-26,1
20260519,48265,Kerr County,TX,82.64,17.36,2.41,0,0,0,05-19-26,05-25-26,1
20260512,48265,Kerr County,TX,82.64,17.36,2.41,0,0,0,05-12-26,05-18-26,1
20260505,48265,Kerr County,TX,82.64,17.36,2.41,0,0,0,05-05-26,05-11-26,1
20260428,48265,Kerr County,TX,82.64,17.36,2.41,0,0,0,04-28-26,05-04-26,1
20260421,48265,Kerr County,TX,39.53,60.47,2.51,0,0,0,04-21-26,04-27-26,1
20260414,48265,Kerr County,TX,3.53,96.47,60.72,1.98,0,0,04-14-26,04-20-26,1
20260407,48265,Kerr County,TX,0,100,95.03,1.98,0,0,04-07-26,04-13-26,1
20260331,48265,Kerr County,TX,0,100,99.87,1.98,0,0,03-31-26,04-06-26,1
20260324,48265,Kerr County,TX,0,100,52.36,1.98,0,0,03-24-26,03-30-26,1
20260317,48265,Kerr County,TX,0,100,52.36,1.98,0,0,03-17-26,03-23-26,1
20260310,48265,Kerr County,TX,0,100,51.6,1.98,0,0,03-10-26,03-16-26,1
20260303,48265,Kerr County,TX,0,100,51.6,1.98,0,0,03-03-26,03-09-26,1
20260224,48265,Kerr County,TX,0,100,51.6,1.98,0,0,02-24-26,03-02-26,1
20260217,48265,Kerr County,TX,0,100,51.6,1.98,0,0,02-17-26,02-23-26,1
20260210,48265,Kerr County,TX,0,100,51.6,1.98,0,0,02-10-26,02-16-26,1
20260203,48265,Kerr County,TX,0,100,51.6,1.98,0,0,02-03-26,02-09-26,1
20260127,48265,Kerr County,TX,0,100,51.6,1.98,0,0,01-27-26,02-02-26,1
20260120,48265,Kerr County,TX,0,100,58.04,41.83,0,0,01-20-26,01-26-26,1
20260113,48265,Kerr County,TX,0,100,58.04,41.83,0,0,01-13-26,01-19-26,1
20260106,48265,Kerr County,TX,0,100,58.01,41.83,0,0,01-06-26,01-12-26,1
20251230,48265,Kerr County,TX,0,100,58.01,26.78,0,0,12-30-25,01-05-26,1
20251223,48265,Kerr County,TX,0,100,58.01,26.78,0,0,12-23-25,12-29-25,1
20251216,48265,Kerr County,TX,0,100,58.01,0,0,0,12-16-25,12-22-25,1
20251209,48265,Kerr County,TX,0,100,58.01,0,0,0,12-09-25,12-15-25,1
20251202,48265,Kerr County,TX,0,100,58.01,0,0,0,12-02-25,12-08-25,1
20251125,48265,Kerr County,TX,0,100,58.01,0,0,0,11-25-25,12-01-25,1
20251118,48265,Kerr County,TX,0,100,100,0,0,0,11-18-25,11-24-25,1
20251111,48265,Kerr County,TX,0,100,100,0,0,0,11-11-25,11-17-25,1
20251104,48265,Kerr County,TX,0,100,92.16,0,0,0,11-04-25,11-10-25,1
20251028,48265,Kerr County,TX,0,100,5.49,0,0,0,10-28-25,11-03-25,1
20251021,48265,Kerr County,TX,0,100,5.39,0,0,0,10-21-25,10-27-25,1
20251014,48265,Kerr County,TX,0,100,6.89,0,0,0,10-14-25,10-20-25,1
20251007,48265,Kerr County,TX,8.84,91.16,0,0,0,0,10-07-25,10-13-25,1
20250930,48265,Kerr County,TX,95.93,4.07,0,0,0,0,09-30-25,10-06-25,1
20250923,48265,Kerr County,TX,95.93,4.07,0,0,0,0,09-23-25,09-29-25,1
20250916,48265,Kerr County,TX,95.93,4.07,0,0,0,0,09-16-25,09-22-25,1
20250909,48265,Kerr County,TX,95.93,4.07,0,0,0,0,09-09-25,09-15-25,1
20250902,48265,Kerr County,TX,95.93,4.07,0,0,0,0,09-02-25,09-08-25,1
20250826,48265,Kerr County,TX,95.93,4.07,0,0,0,0,08-26-25,09-01-25,1
20250819,48265,Kerr County,TX,94.99,5.01,0,0,0,0,08-19-25,08-25-25,1
20250812,48265,Kerr County,TX,60.8,39.2,0.83,0,0,0,08-12-25,08-18-25,1
20250805,48265,Kerr County,TX,60.8,39.2,0.83,0,0,0,08-05-25,08-11-25,1
20250729,48265,Kerr County,TX,60.8,39.2,9.42,0,0,0,07-29-25,08-04-25,1
20250722,48265,Kerr County,TX,60.8,39.2,9.42,0,0,0,07-22-25,07-28-25,1
20250715,48265,Kerr County,TX,5.37,94.63,9.43,0,0,0,07-15-25,07-21-25,1
20250708,48265,Kerr County,TX,0,100,77.68,55.19,0,0,07-08-25,07-14-25,1
20250701,48265,Kerr County,TX,0,100,100,99.79,87,53.48,07-01-25,07-07-25,1
20250624,48265,Kerr County,TX,0,100,100,99.79,87,53.48,06-24-25,06-30-25,1
20250617,48265,Kerr County,TX,0,100,100,99.79,87,53.48,06-17-25,06-23-25,1
20250610,48265,Kerr County,TX,0,100,100,100,94.11,61.69,06-10-25,06-16-25,1
20250603,48265,Kerr County,TX,0,100,100,100,99.61,85.86,06-03-25,06-09-25,1
20250527,48265,Kerr County,TX,0,100,100,100,100,85.86,05-27-25,06-02-25,1
20250520,48265,Kerr County,TX,0,100,100,100,100,85.86,05-20-25,05-26-25,1
20250513,48265,Kerr County,TX,0,100,100,100,100,85.86,05-13-25,05-19-25,1
20250506,48265,Kerr County,TX,0,100,100,100,100,85.86,05-06-25,05-12-25,1
20250429,48265,Kerr County,TX,0,100,100,100,100,85.86,04-29-25,05-05-25,1
20250422,48265,Kerr County,TX,0,100,100,100,100,85.93,04-22-25,04-28-25,1
20250415,48265,Kerr County,TX,0,100,100,100,100,85.93,04-15-25,04-21-25,1
20250408,48265,Kerr County,TX,0,100,100,100,100,85.93,04-08-25,04-14-25,1
20250401,48265,Kerr County,TX,0,100,100,100,100,85.93,04-01-25,04-07-25,1
20250325,48265,Kerr County,TX,0,100,100,100,100,85.93,03-25-25,03-31-25,1
20250318,48265,Kerr County,TX,0,100,100,100,100,85.93,03-18-25,03-24-25,1
20250311,48265,Kerr County,TX,0,100,100,100,100,0,03-11-25,03-17-25,1
20250304,48265,Kerr County,TX,0,100,100,100,81.7,0,03-04-25,03-10-25,1
20250225,48265,Kerr County,TX,0,100,100,100,81.7,0,02-25-25,03-03-25,1
20250218,48265,Kerr County,TX,0,100,100,96.75,63.14,0,02-18-25,02-24-25,1
20250211,48265,Kerr County,TX,0,100,100,96.75,63.14,0,02-11-25,02-17-25,1
20250204,48265,Kerr County,TX,0,100,100,96.75,63.14,0,02-04-25,02-10-25,1
20250128,48265,Kerr County,TX,0,100,100,96.75,63.14,0,01-28-25,02-03-25,1
20250121,48265,Kerr County,TX,0,100,100,96.75,10.39,0,01-21-25,01-27-25,1
20250114,48265,Kerr County,TX,0,100,100,96.75,10.39,0,01-14-25,01-20-25,1
20250107,48265,Kerr County,TX,0,100,100,96.75,10.39,0,01-07-25,01-13-25,1
20241231,48265,Kerr County,TX,0,100,100,72.74,10.39,0,12-31-24,01-06-25,1
20241224,48265,Kerr County,TX,0,100,100,72.74,10.39,0,12-24-24,12-30-24,1
20241217,48265,Kerr County,TX,0,100,100,72.74,10.39,0,12-17-24,12-23-24,1
20241210,48265,Kerr County,TX,0,100,100,72.74,10.39,0,12-10-24,12-16-24,1
20241203,48265,Kerr County,TX,0,100,100,72.74,10.39,0,12-03-24,12-09-24,1
20241126,48265,Kerr County,TX,0,100,100,72.74,10.39,0,11-26-24,12-02-24,1
20241119,48265,Kerr County,TX,0,100,100,72.7,10.39,0,11-19-24,11-25-24,1
20241112,48265,Kerr County,TX,0,100,100,72.7,10.39,0,11-12-24,11-18-24,1
20241105,48265,Kerr County,TX,0,100,100,72.7,10.39,0,11-05-24,11-11-24,1
20241029,48265,Kerr County,TX,0,100,100,73.15,10.39,0,10-29-24,11-04-24,1
20241022,48265,Kerr County,TX,0,100,100,73.15,10.39,0,10-22-24,10-28-24,1
20241015,48265,Kerr County,TX,0,100,82.49,73.15,10.39,0,10-15-24,10-21-24,1
20241008,48265,Kerr County,TX,0,100,82.79,65.78,6.73,0,10-08-24,10-14-24,1
20241001,48265,Kerr County,TX,0,100,68.13,15.3,0,0,10-01-24,10-07-24,1
20240924,48265,Kerr County,TX,6.46,93.54,54.57,15.3,0,0,09-24-24,09-30-24,1
20240917,48265,Kerr County,TX,6.46,93.54,54.57,15.3,0,0,09-17-24,09-23-24,1
20240910,48265,Kerr County,TX,6.46,93.54,54.57,15.3,0,0,09-10-24,09-16-24,1
20240903,48265,Kerr County,TX,6.41,93.59,61.84,46.01,10.13,0,09-03-24,09-09-24,1
20240827,48265,Kerr County,TX,0,100,61.84,46.01,10.13,0,08-27-24,09-02-24,1
20240820,48265,Kerr County,TX,11.03,88.97,61.84,46.01,10.13,0,08-20-24,08-26-24,1
20240813,48265,Kerr County,TX,11.7,88.3,61.84,46.01,10.13,0,08-13-24,08-19-24,1
20240806,48265,Kerr County,TX,12.11,87.89,61.84,46.01,10.13,0,08-06-24,08-12-24,1
20240730,48265,Kerr County,TX,10.32,89.68,66.42,46.01,10.13,0,07-30-24,08-05-24,1
20240723,48265,Kerr County,TX,8.33,91.67,66.42,46.05,10.13,0,07-23-24,07-29-24,1
20240716,48265,Kerr County,TX,3.19,96.81,80.48,52.6,10.13,0,07-16-24,07-22-24,1
20240709,48265,Kerr County,TX,3.13,96.87,80.48,52.6,10.13,0,07-09-24,07-15-24,1
20240702,48265,Kerr County,TX,3.13,96.87,80.48,52.6,10.13,0,07-02-24,07-08-24,1
20240625,48265,Kerr County,TX,3.13,96.87,80.48,52.6,10.13,0,06-25-24,07-01-24,1
20240618,48265,Kerr County,TX,3.13,96.87,80.48,54.09,13.47,0,06-18-24,06-24-24,1
20240611,48265,Kerr County,TX,3.13,96.87,80.48,54.09,13.47,0,06-11-24,06-17-24,1
20240604,48265,Kerr County,TX,0,100,96.87,80.03,28.89,0,06-04-24,06-10-24,1
20240528,48265,Kerr County,TX,0,100,100,90.65,38.19,0,05-28-24,06-03-24,1
20240521,48265,Kerr County,TX,0,100,100,90.65,38.19,0,05-21-24,05-27-24,1
20240514,48265,Kerr County,TX,0,100,99.49,90.65,38.19,0,05-14-24,05-20-24,1
20240507,48265,Kerr County,TX,0,100,99.49,90.65,38.19,0,05-07-24,05-13-24,1
20240430,48265,Kerr County,TX,0,100,99.49,90.65,38.19,0,04-30-24,05-06-24,1
20240423,48265,Kerr County,TX,0,100,99.49,90.65,38.19,0,04-23-24,04-29-24,1
20240416,48265,Kerr County,TX,0,100,99.49,89.98,38.19,0,04-16-24,04-22-24,1
20240409,48265,Kerr County,TX,0,100,99.49,90.49,38.19,0,04-09-24,04-15-24,1
20240402,48265,Kerr County,TX,0,100,99.49,90.49,38.19,0,04-02-24,04-08-24,1
20240326,48265,Kerr County,TX,0,100,99.49,90.49,38.19,0,03-26-24,04-01-24,1
20240319,48265,Kerr County,TX,0,100,99.49,90.49,38.19,0,03-19-24,03-25-24,1
20240312,48265,Kerr County,TX,0,100,99.49,90.49,38.19,0,03-12-24,03-18-24,1
20240305,48265,Kerr County,TX,0,100,99.49,90.49,38.19,0,03-05-24,03-11-24,1
20240227,48265,Kerr County,TX,0,100,99.49,90.49,38.19,0,02-27-24,03-04-24,1
20240220,48265,Kerr County,TX,0,100,99.49,90.49,38.19,0,02-20-24,02-26-24,1
20240213,48265,Kerr County,TX,0,100,99.49,90.49,38.19,0,02-13-24,02-19-24,1
20240206,48265,Kerr County,TX,0,100,99.22,90.49,38.19,0,02-06-24,02-12-24,1
20240130,48265,Kerr County,TX,0,100,99.22,90.49,37.97,0,01-30-24,02-05-24,1
20240123,48265,Kerr County,TX,0,100,99.22,58.72,37.97,0,01-23-24,01-29-24,1
20240116,48265,Kerr County,TX,0,100,99.22,58.72,37.97,0,01-16-24,01-22-24,1
20240109,48265,Kerr County,TX,0,100,99.22,58.72,37.97,0,01-09-24,01-15-24,1
20240102,48265,Kerr County,TX,0,100,99.22,58.72,38.47,0,01-02-24,01-08-24,1
20231226,48265,Kerr County,TX,0,100,99.22,58.72,38.47,0,12-26-23,01-01-24,1
20231219,48265,Kerr County,TX,0,100,100,58.72,38.47,0,12-19-23,12-25-23,1
20231212,48265,Kerr County,TX,0,100,100,58.72,38.47,0,12-12-23,12-18-23,1
20231205,48265,Kerr County,TX,0,100,100,58.11,38.45,0,12-05-23,12-11-23,1
20231128,48265,Kerr County,TX,0,100,100,58.11,0,0,11-28-23,12-04-23,1
20231121,48265,Kerr County,TX,0,100,100,58.11,0,0,11-21-23,11-27-23,1
20231114,48265,Kerr County,TX,0,100,100,87.82,32.85,0,11-14-23,11-20-23,1
20231107,48265,Kerr County,TX,0,100,100,89.65,33.52,0,11-07-23,11-13-23,1
20231031,48265,Kerr County,TX,0,100,100,89.65,33.52,0,10-31-23,11-06-23,1
20231024,48265,Kerr County,TX,0,100,100,100,89.91,33.53,10-24-23,10-30-23,1
20231017,48265,Kerr County,TX,0,100,100,100,89.91,33.53,10-17-23,10-23-23,1
20231010,48265,Kerr County,TX,0,100,100,100,89.91,33.53,10-10-23,10-16-23,1
20231003,48265,Kerr County,TX,0,100,100,100,89.22,33.52,10-03-23,10-09-23,1
20230926,48265,Kerr County,TX,0,100,100,100,89.22,33.52,09-26-23,10-02-23,1
20230919,48265,Kerr County,TX,0,100,100,100,100,50.43,09-19-23,09-25-23,1
20230912,48265,Kerr County,TX,0,100,100,100,100,100,09-12-23,09-18-23,1
20230905,48265,Kerr County,TX,0,100,100,100,100,100,09-05-23,09-11-23,1
20230829,48265,Kerr County,TX,0,100,100,100,100,100,08-29-23,09-04-23,1
20230822,48265,Kerr County,TX,0,100,100,100,100,100,08-22-23,08-28-23,1
20230815,48265,Kerr County,TX,0,100,100,100,100,65.1,08-15-23,08-21-23,1
20230808,48265,Kerr County,TX,0,100,100,100,100,65.1,08-08-23,08-14-23,1
20230801,48265,Kerr County,TX,0,100,100,100,100,62.85,08-01-23,08-07-23,1
20230725,48265,Kerr County,TX,0,100,100,100,100,62.85,07-25-23,07-31-23,1
20230718,48265,Kerr County,TX,0,100,100,100,100,62.85,07-18-23,07-24-23,1
20230711,48265,Kerr County,TX,0,100,100,100,80.7,23.97,07-11-23,07-17-23,1
20230704,48265,Kerr County,TX,0,100,100,100,80.7,23.97,07-04-23,07-10-23,1
20230627,48265,Kerr County,TX,0,100,100,100,80.7,23.97,06-27-23,07-03-23,1
20230620,48265,Kerr County,TX,0,100,100,100,80.7,23.97,06-20-23,06-26-23,1
20230613,48265,Kerr County,TX,0,100,100,100,80.7,23.97,06-13-23,06-19-23,1
20230606,48265,Kerr County,TX,0,100,100,100,80.7,23.97,06-06-23,06-12-23,1
20230530,48265,Kerr County,TX,0,100,100,100,80.7,23.97,05-30-23,06-05-23,1
20230523,48265,Kerr County,TX,0,100,100,100,80.7,23.97,05-23-23,05-29-23,1
20230516,48265,Kerr County,TX,0,100,100,100,91.95,57,05-16-23,05-22-23,1
20230509,48265,Kerr County,TX,0,100,100,100,100,73.09,05-09-23,05-15-23,1
20230502,48265,Kerr County,TX,0,100,100,100,100,73.09,05-02-23,05-08-23,1
20230425,48265,Kerr County,TX,0,100,100,100,100,73.09,04-25-23,05-01-23,1
20230418,48265,Kerr County,TX,0,100,100,100,100,77.58,04-18-23,04-24-23,1
20230411,48265,Kerr County,TX,0,100,100,100,100,77.58,04-11-23,04-17-23,1
20230404,48265,Kerr County,TX,0,100,100,100,100,77.58,04-04-23,04-10-23,1
20230328,48265,Kerr County,TX,0,100,100,100,100,77.58,03-28-23,04-03-23,1
20230321,48265,Kerr County,TX,0,100,100,100,98.92,77.58,03-21-23,03-27-23,1
20230314,48265,Kerr County,TX,0,100,100,100,98.92,24.25,03-14-23,03-20-23,1
20230307,48265,Kerr County,TX,0,100,100,100,99.18,24.25,03-07-23,03-13-23,1
20230228,48265,Kerr County,TX,0,100,100,100,99.18,24.25,02-28-23,03-06-23,1
20230221,48265,Kerr County,TX,0,100,100,100,66.47,24.25,02-21-23,02-27-23,1
20230214,48265,Kerr County,TX,0,100,100,100,66.47,24.25,02-14-23,02-20-23,1
20230207,48265,Kerr County,TX,0,100,100,94.25,66.47,24.25,02-07-23,02-13-23,1
20230131,48265,Kerr County,TX,0,100,100,94.25,66.47,24.25,01-31-23,02-06-23,1
20230124,48265,Kerr County,TX,0,100,100,94.01,66.47,24.25,01-24-23,01-30-23,1
20230117,48265,Kerr County,TX,0,100,100,94.01,66.47,24.25,01-17-23,01-23-23,1
20230110,48265,Kerr County,TX,0,100,100,94.01,66.47,24.25,01-10-23,01-16-23,1
20230103,48265,Kerr County,TX,0,100,100,94.43,66.47,24.25,01-03-23,01-09-23,1
20221227,48265,Kerr County,TX,0,100,100,84.98,66.47,18.17,12-27-22,01-02-23,1
20221220,48265,Kerr County,TX,0,100,100,84.98,66.47,18.17,12-20-22,12-26-22,1
20221213,48265,Kerr County,TX,0,100,100,84.98,66.47,18.17,12-13-22,12-19-22,1
20221206,48265,Kerr County,TX,0,100,100,84.98,66.47,18.17,12-06-22,12-12-22,1
20221129,48265,Kerr County,TX,0,100,100,84.98,66.47,18.17,11-29-22,12-05-22,1
20221122,48265,Kerr County,TX,0,100,100,100,84.57,19.57,11-22-22,11-28-22,1
20221115,48265,Kerr County,TX,0,100,100,100,80.99,17.98,11-15-22,11-21-22,1
20221108,48265,Kerr County,TX,0,100,100,100,59.68,0,11-08-22,11-14-22,1
20221101,48265,Kerr County,TX,0,100,100,100,28.12,0,11-01-22,11-07-22,1
20221025,48265,Kerr County,TX,0,100,100,100,28.12,0,10-25-22,10-31-22,1
20221018,48265,Kerr County,TX,0,100,100,100,28.12,0,10-18-22,10-24-22,1
20221011,48265,Kerr County,TX,0,100,100,100,29.35,0,10-11-22,10-17-22,1
20221004,48265,Kerr County,TX,0,100,100,100,25.96,0,10-04-22,10-10-22,1
20220927,48265,Kerr County,TX,0,100,100,100,12.36,0,09-27-22,10-03-22,1
20220920,48265,Kerr County,TX,0,100,100,100,12.36,0,09-20-22,09-26-22,1
20220913,48265,Kerr County,TX,0,100,100,100,12.36,0,09-13-22,09-19-22,1
20220906,48265,Kerr County,TX,0,100,100,100,12.36,0,09-06-22,09-12-22,1
20220830,48265,Kerr County,TX,0,100,100,100,100,43.77,08-30-22,09-05-22,1
20220823,48265,Kerr County,TX,0,100,100,100,100,52.7,08-23-22,08-29-22,1
20220816,48265,Kerr County,TX,0,100,100,100,100,100,08-16-22,08-22-22,1
20220809,48265,Kerr County,TX,0,100,100,100,100,100,08-09-22,08-15-22,1
20220802,48265,Kerr County,TX,0,100,100,100,100,100,08-02-22,08-08-22,1
20220726,48265,Kerr County,TX,0,100,100,100,100,25.07,07-26-22,08-01-22,1
20220719,48265,Kerr County,TX,0,100,100,100,100,25.07,07-19-22,07-25-22,1
20220712,48265,Kerr County,TX,0,100,100,100,100,100,07-12-22,07-18-22,1
20220705,48265,Kerr County,TX,0,100,100,100,100,100,07-05-22,07-11-22,1
20220628,48265,Kerr County,TX,0,100,100,100,100,100,06-28-22,07-04-22,1
20220621,48265,Kerr County,TX,0,100,100,100,100,100,06-21-22,06-27-22,1
20220614,48265,Kerr County,TX,0,100,100,100,100,100,06-14-22,06-20-22,1
20220607,48265,Kerr County,TX,0,100,100,100,100,100,06-07-22,06-13-22,1
20220531,48265,Kerr County,TX,0,100,100,100,100,79.34,05-31-22,06-06-22,1
20220524,48265,Kerr County,TX,0,100,100,100,100,79.34,05-24-22,05-30-22,1
20220517,48265,Kerr County,TX,0,100,100,100,100,79.34,05-17-22,05-23-22,1
20220510,48265,Kerr County,TX,0,100,100,100,82.27,0.53,05-10-22,05-16-22,1
20220503,48265,Kerr County,TX,0,100,100,100,82.27,0.53,05-03-22,05-09-22,1
20220426,48265,Kerr County,TX,0,100,100,100,82.77,0.49,04-26-22,05-02-22,1
20220419,48265,Kerr County,TX,0,100,100,100,100,0,04-19-22,04-25-22,1
20220412,48265,Kerr County,TX,0,100,100,100,100,0,04-12-22,04-18-22,1
20220405,48265,Kerr County,TX,0,100,100,100,64.16,0,04-05-22,04-11-22,1
20220329,48265,Kerr County,TX,0,100,100,100,33.68,0,03-29-22,04-04-22,1
20220322,48265,Kerr County,TX,0,100,100,100,33.68,0,03-22-22,03-28-22,1
20220315,48265,Kerr County,TX,0,100,100,100,0,0,03-15-22,03-21-22,1
20220308,48265,Kerr County,TX,0,100,100,100,0,0,03-08-22,03-14-22,1
20220301,48265,Kerr County,TX,0,100,100,0,0,0,03-01-22,03-07-22,1
20220222,48265,Kerr County,TX,0,100,100,0,0,0,02-22-22,02-28-22,1
20220215,48265,Kerr County,TX,0,100,100,0,0,0,02-15-22,02-21-22,1
20220208,48265,Kerr County,TX,0,100,100,0,0,0,02-08-22,02-14-22,1
20220201,48265,Kerr County,TX,0,100,100,100,0,0,02-01-22,02-07-22,1
20220125,48265,Kerr County,TX,0,100,100,100,0,0,01-25-22,01-31-22,1
20220118,48265,Kerr County,TX,0,100,100,70.29,0,0,01-18-22,01-24-22,1
20220111,48265,Kerr County,TX,0,100,100,65.94,0,0,01-11-22,01-17-22,1
20220104,48265,Kerr County,TX,0,100,89.58,0,0,0,01-04-22,01-10-22,1
20211228,48265,Kerr County,TX,4.35,95.65,26.47,0,0,0,12-28-21,01-03-22,1
20211221,48265,Kerr County,TX,4.18,95.82,30.13,0,0,0,12-21-21,12-27-21,1
20211214,48265,Kerr County,TX,4.43,95.57,0,0,0,0,12-14-21,12-20-21,1
20211207,48265,Kerr County,TX,4.43,95.57,0,0,0,0,12-07-21,12-13-21,1
20211130,48265,Kerr County,TX,81.4,18.6,0,0,0,0,11-30-21,12-06-21,1
20211123,48265,Kerr County,TX,100,0,0,0,0,0,11-23-21,11-29-21,1
20211116,48265,Kerr County,TX,100,0,0,0,0,0,11-16-21,11-22-21,1
20211109,48265,Kerr County,TX,100,0,0,0,0,0,11-09-21,11-15-21,1
20211102,48265,Kerr County,TX,100,0,0,0,0,0,11-02-21,11-08-21,1
20211026,48265,Kerr County,TX,100,0,0,0,0,0,10-26-21,11-01-21,1
20211019,48265,Kerr County,TX,100,0,0,0,0,0,10-19-21,10-25-21,1
20211012,48265,Kerr County,TX,98.12,1.88,0,0,0,0,10-12-21,10-18-21,1
20211005,48265,Kerr County,TX,98.12,1.88,0,0,0,0,10-05-21,10-11-21,1
20210928,48265,Kerr County,TX,88.84,11.16,0,0,0,0,09-28-21,10-04-21,1
20210921,48265,Kerr County,TX,99.87,0.13,0,0,0,0,09-21-21,09-27-21,1
20210914,48265,Kerr County,TX,100,0,0,0,0,0,09-14-21,09-20-21,1
20210907,48265,Kerr County,TX,100,0,0,0,0,0,09-07-21,09-13-21,1
20210831,48265,Kerr County,TX,100,0,0,0,0,0,08-31-21,09-06-21,1
20210824,48265,Kerr County,TX,100,0,0,0,0,0,08-24-21,08-30-21,1
20210817,48265,Kerr County,TX,100,0,0,0,0,0,08-17-21,08-23-21,1
20210810,48265,Kerr County,TX,100,0,0,0,0,0,08-10-21,08-16-21,1
20210803,48265,Kerr County,TX,100,0,0,0,0,0,08-03-21,08-09-21,1
20210727,48265,Kerr County,TX,95.51,4.49,0,0,0,0,07-27-21,08-02-21,1
20210720,48265,Kerr County,TX,95.51,4.49,0,0,0,0,07-20-21,07-26-21,1
20210713,48265,Kerr County,TX,95.51,4.49,0,0,0,0,07-13-21,07-19-21,1
20210706,48265,Kerr County,TX,95.51,4.49,0,0,0,0,07-06-21,07-12-21,1
20210629,48265,Kerr County,TX,95.51,4.49,0,0,0,0,06-29-21,07-05-21,1
20210622,48265,Kerr County,TX,95.51,4.49,0,0,0,0,06-22-21,06-28-21,1
20210615,48265,Kerr County,TX,95.51,4.49,0,0,0,0,06-15-21,06-21-21,1
20210608,48265,Kerr County,TX,95.51,4.49,0,0,0,0,06-08-21,06-14-21,1
20210601,48265,Kerr County,TX,61.19,38.81,0,0,0,0,06-01-21,06-07-21,1
20210525,48265,Kerr County,TX,0,100,33.34,0,0,0,05-25-21,05-31-21,1
20210518,48265,Kerr County,TX,13.19,86.81,67.03,0,0,0,05-18-21,05-24-21,1
20210511,48265,Kerr County,TX,13.19,86.81,67.03,0,0,0,05-11-21,05-17-21,1
20210504,48265,Kerr County,TX,13.19,86.81,78.57,0,0,0,05-04-21,05-10-21,1
20210427,48265,Kerr County,TX,0,100,98.95,83.51,40.73,0,04-27-21,05-03-21,1
20210420,48265,Kerr County,TX,0,100,91.69,54.63,40.73,0,04-20-21,04-26-21,1
20210413,48265,Kerr County,TX,0,100,71.19,52.36,3.27,0,04-13-21,04-19-21,1
20210406,48265,Kerr County,TX,0.01,99.99,71.19,52.36,0,0,04-06-21,04-12-21,1
20210330,48265,Kerr County,TX,0.13,99.87,71.19,20.72,0,0,03-30-21,04-05-21,1
20210323,48265,Kerr County,TX,0.02,99.98,71.19,20.72,0,0,03-23-21,03-29-21,1
20210316,48265,Kerr County,TX,6.81,93.19,45.75,20.72,0,0,03-16-21,03-22-21,1
20210309,48265,Kerr County,TX,6.08,93.92,48.05,3.15,0,0,03-09-21,03-15-21,1
20210302,48265,Kerr County,TX,6.08,93.92,48.05,3.15,0,0,03-02-21,03-08-21,1
20210223,48265,Kerr County,TX,5.2,94.8,48.05,3.15,0,0,02-23-21,03-01-21,1
20210216,48265,Kerr County,TX,0,100,50.87,3.15,0,0,02-16-21,02-22-21,1
20210209,48265,Kerr County,TX,0,100,100,6.95,0,0,02-09-21,02-15-21,1
20210202,48265,Kerr County,TX,0,100,100,6.97,0,0,02-02-21,02-08-21,1
20210126,48265,Kerr County,TX,0,100,100,6.97,0,0,01-26-21,02-01-21,1
20210119,48265,Kerr County,TX,0,100,100,100,0,0,01-19-21,01-25-21,1
20210112,48265,Kerr County,TX,0,100,100,99.99,0,0,01-12-21,01-18-21,1
20210105,48265,Kerr County,TX,0,100,100,100,5.67,0,01-05-21,01-11-21,1
20201229,48265,Kerr County,TX,0,100,100,100,100,0,12-29-20,01-04-21,1
20201222,48265,Kerr County,TX,0,100,100,100,100,0,12-22-20,12-28-20,1
20201215,48265,Kerr County,TX,0,100,100,100,100,0,12-15-20,12-21-20,1
20201208,48265,Kerr County,TX,0,100,100,100,58.18,0,12-08-20,12-14-20,1
20201201,48265,Kerr County,TX,0,100,100,100,58.18,0,12-01-20,12-07-20,1
20201124,48265,Kerr County,TX,0,100,100,100,51.43,0,11-24-20,11-30-20,1
20201117,48265,Kerr County,TX,0,100,100,100,1.91,0,11-17-20,11-23-20,1
20201110,48265,Kerr County,TX,0,100,100,66.55,0,0,11-10-20,11-16-20,1
20201103,48265,Kerr County,TX,0,100,100,16.57,0,0,11-03-20,11-09-20,1
20201027,48265,Kerr County,TX,0,100,100,0,0,0,10-27-20,11-02-20,1
20201020,48265,Kerr County,TX,0,100,95.52,0,0,0,10-20-20,10-26-20,1
20201013,48265,Kerr County,TX,4.36,95.64,31.39,0,0,0,10-13-20,10-19-20,1
20201006,48265,Kerr County,TX,4.36,95.64,2.82,0,0,0,10-06-20,10-12-20,1
20200929,48265,Kerr County,TX,73.25,26.75,2.85,0,0,0,09-29-20,10-05-20,1
20200922,48265,Kerr County,TX,76.03,23.97,2.85,0,0,0,09-22-20,09-28-20,1
20200915,48265,Kerr County,TX,69.94,30.06,2.85,0,0,0,09-15-20,09-21-20,1
20200908,48265,Kerr County,TX,3.52,96.48,2.85,0,0,0,09-08-20,09-14-20,1
20200901,48265,Kerr County,TX,0,100,100,0,0,0,09-01-20,09-07-20,1
20200825,48265,Kerr County,TX,0,100,100,0,0,0,08-25-20,08-31-20,1
20200818,48265,Kerr County,TX,0,100,54.28,0,0,0,08-18-20,08-24-20,1
20200811,48265,Kerr County,TX,0,100,1.84,0,0,0,08-11-20,08-17-20,1
20200804,48265,Kerr County,TX,29.13,70.87,0,0,0,0,08-04-20,08-10-20,1
20200728,48265,Kerr County,TX,0,100,0,0,0,0,07-28-20,08-03-20,1
20200721,48265,Kerr County,TX,7.24,92.76,47.68,0,0,0,07-21-20,07-27-20,1
20200714,48265,Kerr County,TX,10.05,89.95,0,0,0,0,07-14-20,07-20-20,1
20200707,48265,Kerr County,TX,10.77,89.23,0,0,0,0,07-07-20,07-13-20,1
20200630,48265,Kerr County,TX,35.04,64.96,0,0,0,0,06-30-20,07-06-20,1
20200623,48265,Kerr County,TX,100,0,0,0,0,0,06-23-20,06-29-20,1
20200616,48265,Kerr County,TX,100,0,0,0,0,0,06-16-20,06-22-20,1
20200609,48265,Kerr County,TX,100,0,0,0,0,0,06-09-20,06-15-20,1
20200602,48265,Kerr County,TX,100,0,0,0,0,0,06-02-20,06-08-20,1
20200526,48265,Kerr County,TX,96.79,3.21,0,0,0,0,05-26-20,06-01-20,1
20200519,48265,Kerr County,TX,83.46,16.54,0,0,0,0,05-19-20,05-25-20,1
20200512,48265,Kerr County,TX,54.98,45.02,22.34,0,0,0,05-12-20,05-18-20,1
20200505,48265,Kerr County,TX,55.54,44.46,0,0,0,0,05-05-20,05-11-20,1
20200428,48265,Kerr County,TX,96.49,3.51,0,0,0,0,04-28-20,05-04-20,1
20200421,48265,Kerr County,TX,96.49,3.51,0,0,0,0,04-21-20,04-27-20,1
20200414,48265,Kerr County,TX,96.49,3.51,0,0,0,0,04-14-20,04-20-20,1
20200407,48265,Kerr County,TX,100,0,0,0,0,0,04-07-20,04-13-20,1
20200331,48265,Kerr County,TX,83.71,16.29,0,0,0,0,03-31-20,04-06-20,1
20200324,48265,Kerr County,TX,89.16,10.84,0,0,0,0,03-24-20,03-30-20,1
20200317,48265,Kerr County,TX,53.29,46.71,0,0,0,0,03-17-20,03-23-20,1
20200310,48265,Kerr County,TX,34.98,65.02,0,0,0,0,03-10-20,03-16-20,1
20200303,48265,Kerr County,TX,34.98,65.02,0,0,0,0,03-03-20,03-09-20,1
20200225,48265,Kerr County,TX,34.98,65.02,0,0,0,0,02-25-20,03-02-20,1
20200218,48265,Kerr County,TX,34.98,65.02,0,0,0,0,02-18-20,02-24-20,1
20200211,48265,Kerr County,TX,2.76,97.24,65.08,0,0,0,02-11-20,02-17-20,1
20200204,48265,Kerr County,TX,0,100,65.08,0,0,0,02-04-20,02-10-20,1
20200128,48265,Kerr County,TX,0,100,94.19,0,0,0,01-28-20,02-03-20,1
20200121,48265,Kerr County,TX,0,100,100,0,0,0,01-21-20,01-27-20,1
20200114,48265,Kerr County,TX,0,100,100,53.48,0,0,01-14-20,01-20-20,1
20200107,48265,Kerr County,TX,0,100,100,53.72,0,0,01-07-20,01-13-20,1
20191231,48265,Kerr County,TX,0,100,100,53.72,0,0,12-31-19,01-06-20,1
20191224,48265,Kerr County,TX,0,100,99.78,53.72,0,0,12-24-19,12-30-19,1
20191217,48265,Kerr County,TX,0,100,97.32,28.64,0,0,12-17-19,12-23-19,1
20191210,48265,Kerr County,TX,0,100,97.32,28.64,0,0,12-10-19,12-16-19,1
20191203,48265,Kerr County,TX,0,100,96.94,28.64,0,0,12-03-19,12-09-19,1
20191126,48265,Kerr County,TX,0,100,96.94,28.64,0,0,11-26-19,12-02-19,1
20191119,48265,Kerr County,TX,0,100,96.94,28.64,0,0,11-19-19,11-25-19,1
20191112,48265,Kerr County,TX,0,100,96.94,21.12,0,0,11-12-19,11-18-19,1
20191105,48265,Kerr County,TX,0,100,99.98,21.12,0,0,11-05-19,11-11-19,1
20191029,48265,Kerr County,TX,0,100,99.98,8.25,0,0,10-29-19,11-04-19,1
20191022,48265,Kerr County,TX,0,100,99.98,45.89,0,0,10-22-19,10-28-19,1
20191015,48265,Kerr County,TX,0,100,100,28.63,0,0,10-15-19,10-21-19,1
20191008,48265,Kerr County,TX,0,100,100,28.63,0,0,10-08-19,10-14-19,1
20191001,48265,Kerr County,TX,0,100,100,0.08,0,0,10-01-19,10-07-19,1
20190924,48265,Kerr County,TX,0,100,92.99,0.08,0,0,09-24-19,09-30-19,1
20190917,48265,Kerr County,TX,0,100,91.48,0.08,0,0,09-17-19,09-23-19,1
20190910,48265,Kerr County,TX,0,100,91.37,0.08,0,0,09-10-19,09-16-19,1
20190903,48265,Kerr County,TX,6.33,93.67,11.93,0,0,0,09-03-19,09-09-19,1
20190827,48265,Kerr County,TX,55.17,44.83,0.49,0,0,0,08-27-19,09-02-19,1
20190820,48265,Kerr County,TX,48.75,51.25,0.49,0,0,0,08-20-19,08-26-19,1
20190813,48265,Kerr County,TX,0,100,0.49,0,0,0,08-13-19,08-19-19,1
20190806,48265,Kerr County,TX,0,100,0,0,0,0,08-06-19,08-12-19,1
20190730,48265,Kerr County,TX,100,0,0,0,0,0,07-30-19,08-05-19,1
20190723,48265,Kerr County,TX,100,0,0,0,0,0,07-23-19,07-29-19,1
20190716,48265,Kerr County,TX,100,0,0,0,0,0,07-16-19,07-22-19,1
20190709,48265,Kerr County,TX,100,0,0,0,0,0,07-09-19,07-15-19,1
20190702,48265,Kerr County,TX,100,0,0,0,0,0,07-02-19,07-08-19,1
20190625,48265,Kerr County,TX,100,0,0,0,0,0,06-25-19,07-01-19,1
20190618,48265,Kerr County,TX,100,0,0,0,0,0,06-18-19,06-24-19,1
20190611,48265,Kerr County,TX,100,0,0,0,0,0,06-11-19,06-17-19,1
20190604,48265,Kerr County,TX,100,0,0,0,0,0,06-04-19,06-10-19,1
20190528,48265,Kerr County,TX,100,0,0,0,0,0,05-28-19,06-03-19,1
20190521,48265,Kerr County,TX,100,0,0,0,0,0,05-21-19,05-27-19,1
20190514,48265,Kerr County,TX,100,0,0,0,0,0,05-14-19,05-20-19,1
20190507,48265,Kerr County,TX,100,0,0,0,0,0,05-07-19,05-13-19,1
20190430,48265,Kerr County,TX,100,0,0,0,0,0,04-30-19,05-06-19,1
20190423,48265,Kerr County,TX,63.12,36.88,0,0,0,0,04-23-19,04-29-19,1
20190416,48265,Kerr County,TX,2.91,97.09,0,0,0,0,04-16-19,04-22-19,1
20190409,48265,Kerr County,TX,0,100,0,0,0,0,04-09-19,04-15-19,1
20190402,48265,Kerr County,TX,0,100,0,0,0,0,04-02-19,04-08-19,1
20190326,48265,Kerr County,TX,51.55,48.45,0,0,0,0,03-26-19,04-01-19,1
20190319,48265,Kerr County,TX,51.9,48.1,0,0,0,0,03-19-19,03-25-19,1
20190312,48265,Kerr County,TX,1.63,98.37,0,0,0,0,03-12-19,03-18-19,1
20190305,48265,Kerr County,TX,1.63,98.37,0,0,0,0,03-05-19,03-11-19,1
20190226,48265,Kerr County,TX,2.16,97.84,0,0,0,0,02-26-19,03-04-19,1
20190219,48265,Kerr County,TX,49.1,50.9,0,0,0,0,02-19-19,02-25-19,1
20190212,48265,Kerr County,TX,64.32,35.68,0,0,0,0,02-12-19,02-18-19,1
20190205,48265,Kerr County,TX,100,0,0,0,0,0,02-05-19,02-11-19,1
20190129,48265,Kerr County,TX,100,0,0,0,0,0,01-29-19,02-04-19,1
20190122,48265,Kerr County,TX,100,0,0,0,0,0,01-22-19,01-28-19,1
20190115,48265,Kerr County,TX,100,0,0,0,0,0,01-15-19,01-21-19,1
20190108,48265,Kerr County,TX,100,0,0,0,0,0,01-08-19,01-14-19,1
20190101,48265,Kerr County,TX,100,0,0,0,0,0,01-01-19,01-07-19,1
20181225,48265,Kerr County,TX,100,0,0,0,0,0,12-25-18,12-31-18,1
20181218,48265,Kerr County,TX,100,0,0,0,0,0,12-18-18,12-24-18,1
20181211,48265,Kerr County,TX,100,0,0,0,0,0,12-11-18,12-17-18,1
20181204,48265,Kerr County,TX,100,0,0,0,0,0,12-04-18,12-10-18,1
20181127,48265,Kerr County,TX,100,0,0,0,0,0,11-27-18,12-03-18,1
20181120,48265,Kerr County,TX,100,0,0,0,0,0,11-20-18,11-26-18,1
20181113,48265,Kerr County,TX,100,0,0,0,0,0,11-13-18,11-19-18,1
20181106,48265,Kerr County,TX,100,0,0,0,0,0,11-06-18,11-12-18,1
20181030,48265,Kerr County,TX,100,0,0,0,0,0,10-30-18,11-05-18,1
20181023,48265,Kerr County,TX,100,0,0,0,0,0,10-23-18,10-29-18,1
20181016,48265,Kerr County,TX,100,0,0,0,0,0,10-16-18,10-22-18,1
20181009,48265,Kerr County,TX,100,0,0,0,0,0,10-09-18,10-15-18,1
20181002,48265,Kerr County,TX,79.48,20.52,0,0,0,0,10-02-18,10-08-18,1
20180925,48265,Kerr County,TX,71.46,28.54,0.8,0,0,0,09-25-18,10-01-18,1
20180918,48265,Kerr County,TX,69.86,30.14,0.8,0,0,0,09-18-18,09-24-18,1
20180911,48265,Kerr County,TX,39.69,60.31,7.65,0,0,0,09-11-18,09-17-18,1
20180904,48265,Kerr County,TX,0,100,88.15,21.75,0.39,0,09-04-18,09-10-18,1
20180828,48265,Kerr County,TX,0,100,99.67,56.59,1.21,0,08-28-18,09-03-18,1
20180821,48265,Kerr County,TX,0,100,99.67,56.59,1.21,0,08-21-18,08-27-18,1
20180814,48265,Kerr County,TX,0,100,99.67,56.59,1.21,0,08-14-18,08-20-18,1
20180807,48265,Kerr County,TX,0,100,99.67,72.21,46.63,0,08-07-18,08-13-18,1
20180731,48265,Kerr County,TX,0,100,98.17,72.2,6.07,0,07-31-18,08-06-18,1
20180724,48265,Kerr County,TX,0,100,100,72.2,0,0,07-24-18,07-30-18,1
20180717,48265,Kerr County,TX,0,100,100,29.38,0,0,07-17-18,07-23-18,1
20180710,48265,Kerr County,TX,0,100,100,29.38,0,0,07-10-18,07-16-18,1
20180703,48265,Kerr County,TX,0,100,100,99.21,0,0,07-03-18,07-09-18,1
20180626,48265,Kerr County,TX,0,100,89.58,0,0,0,06-26-18,07-02-18,1
20180619,48265,Kerr County,TX,0.95,99.05,83.21,0,0,0,06-19-18,06-25-18,1
20180612,48265,Kerr County,TX,1.07,98.93,83.21,0,0,0,06-12-18,06-18-18,1
20180605,48265,Kerr County,TX,1.07,98.93,83.21,0,0,0,06-05-18,06-11-18,1
20180529,48265,Kerr County,TX,8.8,91.2,72.32,0,0,0,05-29-18,06-04-18,1
20180522,48265,Kerr County,TX,0.09,99.91,4.47,0,0,0,05-22-18,05-28-18,1
20180515,48265,Kerr County,TX,0,100,60.99,0,0,0,05-15-18,05-21-18,1
20180508,48265,Kerr County,TX,0,100,60.99,0,0,0,05-08-18,05-14-18,1
20180501,48265,Kerr County,TX,0,100,100,52.96,0,0,05-01-18,05-07-18,1
20180424,48265,Kerr County,TX,0,100,100,72.9,0,0,04-24-18,04-30-18,1
20180417,48265,Kerr County,TX,0,100,100,62.13,0,0,04-17-18,04-23-18,1
20180410,48265,Kerr County,TX,0,100,100,23.09,0,0,04-10-18,04-16-18,1
20180403,48265,Kerr County,TX,0,100,100,23.09,0,0,04-03-18,04-09-18,1
20180327,48265,Kerr County,TX,0,100,100,0.38,0,0,03-27-18,04-02-18,1
20180320,48265,Kerr County,TX,0,100,100,0,0,0,03-20-18,03-26-18,1
20180313,48265,Kerr County,TX,0,100,100,0,0,0,03-13-18,03-19-18,1
20180306,48265,Kerr County,TX,0,100,100,0,0,0,03-06-18,03-12-18,1
20180227,48265,Kerr County,TX,0,100,100,0,0,0,02-27-18,03-05-18,1
20180220,48265,Kerr County,TX,0,100,100,88.54,0,0,02-20-18,02-26-18,1
20180213,48265,Kerr County,TX,0,100,100,88.54,0,0,02-13-18,02-19-18,1
20180206,48265,Kerr County,TX,0,100,100,14.28,0,0,02-06-18,02-12-18,1
20180130,48265,Kerr County,TX,0,100,100,0,0,0,01-30-18,02-05-18,1
20180123,48265,Kerr County,TX,0,100,98.89,0,0,0,01-23-18,01-29-18,1
20180116,48265,Kerr County,TX,0,100,95.24,0,0,0,01-16-18,01-22-18,1
20180109,48265,Kerr County,TX,0,100,88.65,0,0,0,01-09-18,01-15-18,1
20180102,48265,Kerr County,TX,0,100,9.83,0,0,0,01-02-18,01-08-18,1
20171226,48265,Kerr County,TX,0,100,0,0,0,0,12-26-17,01-01-18,1
20171219,48265,Kerr County,TX,0,100,0,0,0,0,12-19-17,12-25-17,1
20171212,48265,Kerr County,TX,0,100,0,0,0,0,12-12-17,12-18-17,1
20171205,48265,Kerr County,TX,0,100,100,0,0,0,12-05-17,12-11-17,1
20171128,48265,Kerr County,TX,0,100,100,0,0,0,11-28-17,12-04-17,1
20171121,48265,Kerr County,TX,0,100,100,0,0,0,11-21-17,11-27-17,1
20171114,48265,Kerr County,TX,0,100,88.86,0,0,0,11-14-17,11-20-17,1
20171107,48265,Kerr County,TX,0,100,14.43,0,0,0,11-07-17,11-13-17,1
20171031,48265,Kerr County,TX,77.97,22.03,0,0,0,0,10-31-17,11-06-17,1
20171024,48265,Kerr County,TX,100,0,0,0,0,0,10-24-17,10-30-17,1
20171017,48265,Kerr County,TX,100,0,0,0,0,0,10-17-17,10-23-17,1
20171010,48265,Kerr County,TX,100,0,0,0,0,0,10-10-17,10-16-17,1
20171003,48265,Kerr County,TX,100,0,0,0,0,0,10-03-17,10-09-17,1
20170926,48265,Kerr County,TX,26.22,73.78,0,0,0,0,09-26-17,10-02-17,1
20170919,48265,Kerr County,TX,58.62,41.38,0,0,0,0,09-19-17,09-25-17,1
20170912,48265,Kerr County,TX,97.39,2.61,0,0,0,0,09-12-17,09-18-17,1
20170905,48265,Kerr County,TX,100,0,0,0,0,0,09-05-17,09-11-17,1
20170829,48265,Kerr County,TX,100,0,0,0,0,0,08-29-17,09-04-17,1
20170822,48265,Kerr County,TX,99.95,0.05,0,0,0,0,08-22-17,08-28-17,1
20170815,48265,Kerr County,TX,99.95,0.05,0,0,0,0,08-15-17,08-21-17,1
20170808,48265,Kerr County,TX,96.57,3.43,0,0,0,0,08-08-17,08-14-17,1
20170801,48265,Kerr County,TX,60.26,39.74,1.13,0,0,0,08-01-17,08-07-17,1
20170725,48265,Kerr County,TX,49.99,50.01,0,0,0,0,07-25-17,07-31-17,1
20170718,48265,Kerr County,TX,38.02,61.98,0,0,0,0,07-18-17,07-24-17,1
20170711,48265,Kerr County,TX,38.02,61.98,0,0,0,0,07-11-17,07-17-17,1
20170704,48265,Kerr County,TX,81.33,18.67,0,0,0,0,07-04-17,07-10-17,1
20170627,48265,Kerr County,TX,82.1,17.9,0,0,0,0,06-27-17,07-03-17,1
20170620,48265,Kerr County,TX,82.1,17.9,0,0,0,0,06-20-17,06-26-17,1
20170613,48265,Kerr County,TX,82.1,17.9,0,0,0,0,06-13-17,06-19-17,1
20170606,48265,Kerr County,TX,61.87,38.13,0,0,0,0,06-06-17,06-12-17,1
20170530,48265,Kerr County,TX,13.16,86.84,3.96,0,0,0,05-30-17,06-05-17,1
20170523,48265,Kerr County,TX,13.21,86.79,29.76,0,0,0,05-23-17,05-29-17,1
20170516,48265,Kerr County,TX,0,100,45.78,0,0,0,05-16-17,05-22-17,1
20170509,48265,Kerr County,TX,1.5,98.5,0,0,0,0,05-09-17,05-15-17,1
20170502,48265,Kerr County,TX,100,0,0,0,0,0,05-02-17,05-08-17,1
20170425,48265,Kerr County,TX,100,0,0,0,0,0,04-25-17,05-01-17,1
20170418,48265,Kerr County,TX,100,0,0,0,0,0,04-18-17,04-24-17,1
20170411,48265,Kerr County,TX,100,0,0,0,0,0,04-11-17,04-17-17,1
20170404,48265,Kerr County,TX,100,0,0,0,0,0,04-04-17,04-10-17,1
20170328,48265,Kerr County,TX,100,0,0,0,0,0,03-28-17,04-03-17,1
20170321,48265,Kerr County,TX,100,0,0,0,0,0,03-21-17,03-27-17,1
20170314,48265,Kerr County,TX,100,0,0,0,0,0,03-14-17,03-20-17,1
20170307,48265,Kerr County,TX,100,0,0,0,0,0,03-07-17,03-13-17,1
20170228,48265,Kerr County,TX,100,0,0,0,0,0,02-28-17,03-06-17,1
20170221,48265,Kerr County,TX,100,0,0,0,0,0,02-21-17,02-27-17,1
20170214,48265,Kerr County,TX,100,0,0,0,0,0,02-14-17,02-20-17,1
20170207,48265,Kerr County,TX,100,0,0,0,0,0,02-07-17,02-13-17,1
20170131,48265,Kerr County,TX,100,0,0,0,0,0,01-31-17,02-06-17,1
20170124,48265,Kerr County,TX,100,0,0,0,0,0,01-24-17,01-30-17,1
20170117,48265,Kerr County,TX,100,0,0,0,0,0,01-17-17,01-23-17,1
20170110,48265,Kerr County,TX,100,0,0,0,0,0,01-10-17,01-16-17,1
20170103,48265,Kerr County,TX,100,0,0,0,0,0,01-03-17,01-09-17,1
20161227,48265,Kerr County,TX,100,0,0,0,0,0,12-27-16,01-02-17,1
20161220,48265,Kerr County,TX,100,0,0,0,0,0,12-20-16,12-26-16,1
20161213,48265,Kerr County,TX,100,0,0,0,0,0,12-13-16,12-19-16,1
20161206,48265,Kerr County,TX,100,0,0,0,0,0,12-06-16,12-12-16,1
20161129,48265,Kerr County,TX,100,0,0,0,0,0,11-29-16,12-05-16,1
20161122,48265,Kerr County,TX,100,0,0,0,0,0,11-22-16,11-28-16,1
20161115,48265,Kerr County,TX,100,0,0,0,0,0,11-15-16,11-21-16,1
20161108,48265,Kerr County,TX,91.18,8.82,0,0,0,0,11-08-16,11-14-16,1
20161101,48265,Kerr County,TX,91.18,8.82,0,0,0,0,11-01-16,11-07-16,1
20161025,48265,Kerr County,TX,100,0,0,0,0,0,10-25-16,10-31-16,1
20161018,48265,Kerr County,TX,100,0,0,0,0,0,10-18-16,10-24-16,1
20161011,48265,Kerr County,TX,100,0,0,0,0,0,10-11-16,10-17-16,1
20161004,48265,Kerr County,TX,100,0,0,0,0,0,10-04-16,10-10-16,1
20160927,48265,Kerr County,TX,100,0,0,0,0,0,09-27-16,10-03-16,1
20160920,48265,Kerr County,TX,100,0,0,0,0,0,09-20-16,09-26-16,1
20160913,48265,Kerr County,TX,100,0,0,0,0,0,09-13-16,09-19-16,1
20160906,48265,Kerr County,TX,100,0,0,0,0,0,09-06-16,09-12-16,1
20160830,48265,Kerr County,TX,100,0,0,0,0,0,08-30-16,09-05-16,1
20160823,48265,Kerr County,TX,100,0,0,0,0,0,08-23-16,08-29-16,1
20160816,48265,Kerr County,TX,58.64,41.36,0,0,0,0,08-16-16,08-22-16,1
20160809,48265,Kerr County,TX,0,100,0,0,0,0,08-09-16,08-15-16,1
20160802,48265,Kerr County,TX,44.57,55.43,0,0,0,0,08-02-16,08-08-16,1
20160726,48265,Kerr County,TX,33.46,66.54,0,0,0,0,07-26-16,08-01-16,1
20160719,48265,Kerr County,TX,100,0,0,0,0,0,07-19-16,07-25-16,1
20160712,48265,Kerr County,TX,100,0,0,0,0,0,07-12-16,07-18-16,1
20160705,48265,Kerr County,TX,100,0,0,0,0,0,07-05-16,07-11-16,1
20160628,48265,Kerr County,TX,100,0,0,0,0,0,06-28-16,07-04-16,1
20160621,48265,Kerr County,TX,100,0,0,0,0,0,06-21-16,06-27-16,1
20160614,48265,Kerr County,TX,100,0,0,0,0,0,06-14-16,06-20-16,1
20160607,48265,Kerr County,TX,100,0,0,0,0,0,06-07-16,06-13-16,1
20160531,48265,Kerr County,TX,100,0,0,0,0,0,05-31-16,06-06-16,1
20160524,48265,Kerr County,TX,100,0,0,0,0,0,05-24-16,05-30-16,1
20160517,48265,Kerr County,TX,100,0,0,0,0,0,05-17-16,05-23-16,1
20160510,48265,Kerr County,TX,100,0,0,0,0,0,05-10-16,05-16-16,1
20160503,48265,Kerr County,TX,100,0,0,0,0,0,05-03-16,05-09-16,1
20160426,48265,Kerr County,TX,100,0,0,0,0,0,04-26-16,05-02-16,1
20160419,48265,Kerr County,TX,100,0,0,0,0,0,04-19-16,04-25-16,1
20160412,48265,Kerr County,TX,100,0,0,0,0,0,04-12-16,04-18-16,1
20160405,48265,Kerr County,TX,100,0,0,0,0,0,04-05-16,04-11-16,1
20160329,48265,Kerr County,TX,100,0,0,0,0,0,03-29-16,04-04-16,1
20160322,48265,Kerr County,TX,100,0,0,0,0,0,03-22-16,03-28-16,1
20160315,48265,Kerr County,TX,100,0,0,0,0,0,03-15-16,03-21-16,1
20160308,48265,Kerr County,TX,100,0,0,0,0,0,03-08-16,03-14-16,1
20160301,48265,Kerr County,TX,100,0,0,0,0,0,03-01-16,03-07-16,1
20160223,48265,Kerr County,TX,100,0,0,0,0,0,02-23-16,02-29-16,1
20160216,48265,Kerr County,TX,0,100,0,0,0,0,02-16-16,02-22-16,1
20160209,48265,Kerr County,TX,79.01,20.99,0,0,0,0,02-09-16,02-15-16,1
20160202,48265,Kerr County,TX,100,0,0,0,0,0,02-02-16,02-08-16,1
20160126,48265,Kerr County,TX,100,0,0,0,0,0,01-26-16,02-01-16,1
20160119,48265,Kerr County,TX,100,0,0,0,0,0,01-19-16,01-25-16,1
20160112,48265,Kerr County,TX,100,0,0,0,0,0,01-12-16,01-18-16,1
20160105,48265,Kerr County,TX,100,0,0,0,0,0,01-05-16,01-11-16,1
20151229,48265,Kerr County,TX,100,0,0,0,0,0,12-29-15,01-04-16,1
20151222,48265,Kerr County,TX,100,0,0,0,0,0,12-22-15,12-28-15,1
20151215,48265,Kerr County,TX,100,0,0,0,0,0,12-15-15,12-21-15,1
20151208,48265,Kerr County,TX,100,0,0,0,0,0,12-08-15,12-14-15,1
20151201,48265,Kerr County,TX,100,0,0,0,0,0,12-01-15,12-07-15,1
20151124,48265,Kerr County,TX,100,0,0,0,0,0,11-24-15,11-30-15,1
20151117,48265,Kerr County,TX,100,0,0,0,0,0,11-17-15,11-23-15,1
20151110,48265,Kerr County,TX,100,0,0,0,0,0,11-10-15,11-16-15,1
20151103,48265,Kerr County,TX,78.91,21.09,0,0,0,0,11-03-15,11-09-15,1
20151027,48265,Kerr County,TX,50.59,49.41,18.89,0,0,0,10-27-15,11-02-15,1
20151020,48265,Kerr County,TX,0,100,98.42,60.43,10.99,0,10-20-15,10-26-15,1
20151013,48265,Kerr County,TX,0,100,85.95,39.84,10.99,0,10-13-15,10-19-15,1
20151006,48265,Kerr County,TX,0,100,74.76,31.16,5.35,0,10-06-15,10-12-15,1
20150929,48265,Kerr County,TX,0,100,57.45,13.33,0,0,09-29-15,10-05-15,1
20150922,48265,Kerr County,TX,25.68,74.32,23.33,0,0,0,09-22-15,09-28-15,1
20150915,48265,Kerr County,TX,32.99,67.01,12.48,0,0,0,09-15-15,09-21-15,1
20150908,48265,Kerr County,TX,29.7,70.3,11.7,0,0,0,09-08-15,09-14-15,1
20150901,48265,Kerr County,TX,29.7,70.3,4.36,0,0,0,09-01-15,09-07-15,1
20150825,48265,Kerr County,TX,74.84,25.16,0,0,0,0,08-25-15,08-31-15,1
20150818,48265,Kerr County,TX,95.34,4.66,0,0,0,0,08-18-15,08-24-15,1
20150811,48265,Kerr County,TX,57.11,42.89,0,0,0,0,08-11-15,08-17-15,1
20150804,48265,Kerr County,TX,100,0,0,0,0,0,08-04-15,08-10-15,1
20150728,48265,Kerr County,TX,100,0,0,0,0,0,07-28-15,08-03-15,1
20150721,48265,Kerr County,TX,100,0,0,0,0,0,07-21-15,07-27-15,1
20150714,48265,Kerr County,TX,100,0,0,0,0,0,07-14-15,07-20-15,1
20150707,48265,Kerr County,TX,100,0,0,0,0,0,07-07-15,07-13-15,1
20150630,48265,Kerr County,TX,100,0,0,0,0,0,06-30-15,07-06-15,1
20150623,48265,Kerr County,TX,100,0,0,0,0,0,06-23-15,06-29-15,1
20150616,48265,Kerr County,TX,85.7,14.3,0,0,0,0,06-16-15,06-22-15,1
20150609,48265,Kerr County,TX,85.7,14.3,0,0,0,0,06-09-15,06-15-15,1
20150602,48265,Kerr County,TX,85.7,14.3,0,0,0,0,06-02-15,06-08-15,1
20150526,48265,Kerr County,TX,26.24,73.76,39.25,0,0,0,05-26-15,06-01-15,1
20150519,48265,Kerr County,TX,0,100,98.47,46.05,0,0,05-19-15,05-25-15,1
20150512,48265,Kerr County,TX,0,100,100,100,57.56,0,05-12-15,05-18-15,1
20150505,48265,Kerr County,TX,0,100,100,100,57.56,0,05-05-15,05-11-15,1
20150428,48265,Kerr County,TX,0,100,100,100,57.56,0,04-28-15,05-04-15,1
20150421,48265,Kerr County,TX,0,100,100,100,60.14,0,04-21-15,04-27-15,1
20150414,48265,Kerr County,TX,0,100,100,100,99.99,25.98,04-14-15,04-20-15,1
20150407,48265,Kerr County,TX,0,100,100,100,100,30.83,04-07-15,04-13-15,1
20150331,48265,Kerr County,TX,0,100,100,100,100,30.83,03-31-15,04-06-15,1
20150324,48265,Kerr County,TX,0,100,100,100,100,30.83,03-24-15,03-30-15,1
20150317,48265,Kerr County,TX,0,100,100,100,100,30.83,03-17-15,03-23-15,1
20150310,48265,Kerr County,TX,0,100,100,100,100,30.83,03-10-15,03-16-15,1
20150303,48265,Kerr County,TX,0,100,100,100,100,30.83,03-03-15,03-09-15,1
20150224,48265,Kerr County,TX,0,100,100,100,100,30.83,02-24-15,03-02-15,1
20150217,48265,Kerr County,TX,0,100,100,100,100,30.83,02-17-15,02-23-15,1
20150210,48265,Kerr County,TX,0,100,100,100,99.81,30.83,02-10-15,02-16-15,1
20150203,48265,Kerr County,TX,0,100,100,99.95,30.99,0,02-03-15,02-09-15,1
20150127,48265,Kerr County,TX,0,100,100,99.95,30.99,0,01-27-15,02-02-15,1
20150120,48265,Kerr County,TX,0,100,100,99.95,30.99,0,01-20-15,01-26-15,1
20150113,48265,Kerr County,TX,0,100,100,99.95,30.99,0,01-13-15,01-19-15,1
20150106,48265,Kerr County,TX,0,100,100,99.95,30.99,0,01-06-15,01-12-15,1
20141230,48265,Kerr County,TX,0,100,100,99.95,32.77,0,12-30-14,01-05-15,1
20141223,48265,Kerr County,TX,0,100,100,92.73,1.78,0,12-23-14,12-29-14,1
20141216,48265,Kerr County,TX,0,100,100,92.73,1.78,0,12-16-14,12-22-14,1
20141209,48265,Kerr County,TX,0,100,100,92.73,1.78,0,12-09-14,12-15-14,1
20141202,48265,Kerr County,TX,0,100,100,92.73,1.78,0,12-02-14,12-08-14,1
20141125,48265,Kerr County,TX,0,100,100,92.73,1.78,0,11-25-14,12-01-14,1
20141118,48265,Kerr County,TX,0,100,100,92.73,1.78,0,11-18-14,11-24-14,1
20141111,48265,Kerr County,TX,0,100,100,92.73,1.78,0,11-11-14,11-17-14,1
20141104,48265,Kerr County,TX,0,100,100,97.8,1.78,0,11-04-14,11-10-14,1
20141028,48265,Kerr County,TX,0,100,100,97.8,1.78,0,10-28-14,11-03-14,1
20141021,48265,Kerr County,TX,0,100,100,97.8,1.78,0,10-21-14,10-27-14,1
20141014,48265,Kerr County,TX,0,100,100,97.8,1.78,0,10-14-14,10-20-14,1
20141007,48265,Kerr County,TX,0,100,100,100,33.63,0,10-07-14,10-13-14,1
20140930,48265,Kerr County,TX,0,100,100,100,33.63,0,09-30-14,10-06-14,1
20140923,48265,Kerr County,TX,0,100,100,100,33.63,0,09-23-14,09-29-14,1
20140916,48265,Kerr County,TX,0,100,100,100,34.06,0,09-16-14,09-22-14,1
20140909,48265,Kerr County,TX,0,100,100,100,34.21,0,09-09-14,09-15-14,1
20140902,48265,Kerr County,TX,0,100,100,100,70.44,17.16,09-02-14,09-08-14,1
20140826,48265,Kerr County,TX,0,100,100,100,70.44,17.16,08-26-14,09-01-14,1
20140819,48265,Kerr County,TX,0,100,100,100,70.44,17.16,08-19-14,08-25-14,1
20140812,48265,Kerr County,TX,0,100,100,100,57.88,10.81,08-12-14,08-18-14,1
20140805,48265,Kerr County,TX,0,100,100,100,57.88,10.81,08-05-14,08-11-14,1
20140729,48265,Kerr County,TX,0,100,100,98.55,42.97,0,07-29-14,08-04-14,1
20140722,48265,Kerr County,TX,0,100,100,98.55,42.97,0,07-22-14,07-28-14,1
20140715,48265,Kerr County,TX,0,100,100,98.55,16.92,0,07-15-14,07-21-14,1
20140708,48265,Kerr County,TX,0,100,100,98.55,16.92,0,07-08-14,07-14-14,1
20140701,48265,Kerr County,TX,0,100,100,98.72,16.92,0,07-01-14,07-07-14,1
20140624,48265,Kerr County,TX,0,100,100,98.72,16.92,0,06-24-14,06-30-14,1
20140617,48265,Kerr County,TX,0,100,100,99.75,16.92,0,06-17-14,06-23-14,1
20140610,48265,Kerr County,TX,0,100,100,99.75,38.03,0,06-10-14,06-16-14,1
20140603,48265,Kerr County,TX,0,100,100,99.75,38.03,0,06-03-14,06-09-14,1
20140527,48265,Kerr County,TX,0,100,100,100,89.14,18.07,05-27-14,06-02-14,1
20140520,48265,Kerr County,TX,0,100,100,100,100,85.29,05-20-14,05-26-14,1
20140513,48265,Kerr County,TX,0,100,100,100,100,85.29,05-13-14,05-19-14,1
20140506,48265,Kerr County,TX,0,100,100,100,100,85.29,05-06-14,05-12-14,1
20140429,48265,Kerr County,TX,0,100,100,100,100,73.69,04-29-14,05-05-14,1
20140422,48265,Kerr County,TX,0,100,100,100,100,0,04-22-14,04-28-14,1
20140415,48265,Kerr County,TX,0,100,100,100,99.72,0,04-15-14,04-21-14,1
20140408,48265,Kerr County,TX,0,100,100,100,99.8,0,04-08-14,04-14-14,1
20140401,48265,Kerr County,TX,0,100,100,100,99.8,0,04-01-14,04-07-14,1
20140325,48265,Kerr County,TX,0,100,100,100,99.75,0,03-25-14,03-31-14,1
20140318,48265,Kerr County,TX,0,100,100,100,72.77,0,03-18-14,03-24-14,1
20140311,48265,Kerr County,TX,0,100,100,100,72.77,0,03-11-14,03-17-14,1
20140304,48265,Kerr County,TX,0,100,100,98.17,39.4,0,03-04-14,03-10-14,1
20140225,48265,Kerr County,TX,0,100,100,98.17,43.14,0,02-25-14,03-03-14,1
20140218,48265,Kerr County,TX,0,100,100,83.68,43.14,0,02-18-14,02-24-14,1
20140211,48265,Kerr County,TX,0,100,100,83.68,43.14,0,02-11-14,02-17-14,1
20140204,48265,Kerr County,TX,0,100,100,83.68,42.84,0,02-04-14,02-10-14,1
20140128,48265,Kerr County,TX,0,100,100,82.21,34.84,0,01-28-14,02-03-14,1
20140121,48265,Kerr County,TX,0,100,100,82.21,34.84,0,01-21-14,01-27-14,1
20140114,48265,Kerr County,TX,0,100,100,82.21,34.84,0,01-14-14,01-20-14,1
20140107,48265,Kerr County,TX,0,100,100,82.21,34.84,0,01-07-14,01-13-14,1
20131231,48265,Kerr County,TX,0,100,100,82.21,34.84,0,12-31-13,01-06-14,1
20131224,48265,Kerr County,TX,0,100,100,82.21,34.84,0,12-24-13,12-30-13,1
20131217,48265,Kerr County,TX,0,100,99.91,82.21,34.84,0,12-17-13,12-23-13,1
20131210,48265,Kerr County,TX,0,100,99.91,82.21,34.84,0,12-10-13,12-16-13,1
20131203,48265,Kerr County,TX,0,100,99.91,82.21,34.84,0,12-03-13,12-09-13,1
20131126,48265,Kerr County,TX,0,100,99.91,82.21,34.84,0,11-26-13,12-02-13,1
20131119,48265,Kerr County,TX,0,100,99.91,82.21,34.84,0,11-19-13,11-25-13,1
20131112,48265,Kerr County,TX,0,100,99.91,82.21,34.84,0,11-12-13,11-18-13,1
20131105,48265,Kerr County,TX,0,100,99.91,82.21,34.84,0,11-05-13,11-11-13,1
20131029,48265,Kerr County,TX,0,100,99.92,82.33,34.59,0,10-29-13,11-04-13,1
20131022,48265,Kerr County,TX,0,100,99.92,82.33,34.59,0,10-22-13,10-28-13,1
20131015,48265,Kerr County,TX,0,100,100,82.33,34.59,0,10-15-13,10-21-13,1
20131008,48265,Kerr County,TX,0,100,100,82.33,34.59,0,10-08-13,10-14-13,1
20131001,48265,Kerr County,TX,0,100,100,82.33,34.59,0,10-01-13,10-07-13,1
20130924,48265,Kerr County,TX,0,100,100,82.19,34.59,0,09-24-13,09-30-13,1
20130917,48265,Kerr County,TX,0,100,100,100,39.9,0,09-17-13,09-23-13,1
20130910,48265,Kerr County,TX,0,100,100,100,39.9,0,09-10-13,09-16-13,1
20130903,48265,Kerr County,TX,0,100,100,100,56.54,0,09-03-13,09-09-13,1
20130827,48265,Kerr County,TX,0,100,100,100,86.24,0,08-27-13,09-02-13,1
20130820,48265,Kerr County,TX,0,100,100,100,54.32,0,08-20-13,08-26-13,1
20130813,48265,Kerr County,TX,0,100,100,100,0,0,08-13-13,08-19-13,1
20130806,48265,Kerr County,TX,0,100,100,100,0,0,08-06-13,08-12-13,1
20130730,48265,Kerr County,TX,0,100,100,100,0,0,07-30-13,08-05-13,1
20130723,48265,Kerr County,TX,0,100,100,100,0,0,07-23-13,07-29-13,1
20130716,48265,Kerr County,TX,0,100,100,100,0,0,07-16-13,07-22-13,1
20130709,48265,Kerr County,TX,0,100,100,100,0,0,07-09-13,07-15-13,1
20130702,48265,Kerr County,TX,0,100,100,100,0,0,07-02-13,07-08-13,1
20130625,48265,Kerr County,TX,0,100,100,100,0,0,06-25-13,07-01-13,1
20130618,48265,Kerr County,TX,0,100,100,100,0,0,06-18-13,06-24-13,1
20130611,48265,Kerr County,TX,0,100,100,100,0,0,06-11-13,06-17-13,1
20130604,48265,Kerr County,TX,0,100,100,100,0,0,06-04-13,06-10-13,1
20130528,48265,Kerr County,TX,0,100,100,100,0,0,05-28-13,06-03-13,1
20130521,48265,Kerr County,TX,0,100,100,100,84.76,0,05-21-13,05-27-13,1
20130514,48265,Kerr County,TX,0,100,100,100,84.76,0,05-14-13,05-20-13,1
20130507,48265,Kerr County,TX,0,100,100,100,81.34,0,05-07-13,05-13-13,1
20130430,48265,Kerr County,TX,0,100,100,100,94.81,0,04-30-13,05-06-13,1
20130423,48265,Kerr County,TX,0,100,100,100,94.13,0,04-23-13,04-29-13,1
20130416,48265,Kerr County,TX,0,100,100,100,85.4,0,04-16-13,04-22-13,1
20130409,48265,Kerr County,TX,0,100,100,100,85.4,0,04-09-13,04-15-13,1
20130402,48265,Kerr County,TX,0,100,100,100,85.4,0,04-02-13,04-08-13,1
20130326,48265,Kerr County,TX,0,100,100,100,86.49,0,03-26-13,04-01-13,1
20130319,48265,Kerr County,TX,0,100,100,100,86.49,0,03-19-13,03-25-13,1
20130312,48265,Kerr County,TX,0,100,100,100,87.14,0,03-12-13,03-18-13,1
20130305,48265,Kerr County,TX,0,100,100,100,87.14,0,03-05-13,03-11-13,1
20130226,48265,Kerr County,TX,0,100,100,100,72.7,0,02-26-13,03-04-13,1
20130219,48265,Kerr County,TX,0,100,100,97.55,72.7,0,02-19-13,02-25-13,1
20130212,48265,Kerr County,TX,0,100,100,97.55,72.7,0,02-12-13,02-18-13,1
20130205,48265,Kerr County,TX,0,100,100,97.55,72.7,0,02-05-13,02-11-13,1
20130129,48265,Kerr County,TX,0,100,100,97.55,72.7,0,01-29-13,02-04-13,1
20130122,48265,Kerr County,TX,0,100,100,97.55,72.7,0,01-22-13,01-28-13,1
20130115,48265,Kerr County,TX,0,100,100,97.55,72.7,0,01-15-13,01-21-13,1
20130108,48265,Kerr County,TX,0,100,100,100,77.13,0,01-08-13,01-14-13,1
20130101,48265,Kerr County,TX,0,100,100,100,77.13,0,01-01-13,01-07-13,1
20121225,48265,Kerr County,TX,0,100,100,100,77.13,0,12-25-12,12-31-12,1
20121218,48265,Kerr County,TX,0,100,100,100,77.13,0,12-18-12,12-24-12,1
20121211,48265,Kerr County,TX,0,100,100,100,76.62,0,12-11-12,12-17-12,1
20121204,48265,Kerr County,TX,0,100,100,100,0,0,12-04-12,12-10-12,1
20121127,48265,Kerr County,TX,0,100,100,100,0,0,11-27-12,12-03-12,1
20121120,48265,Kerr County,TX,0,100,100,100,0,0,11-20-12,11-26-12,1
20121113,48265,Kerr County,TX,0,100,100,98.39,0,0,11-13-12,11-19-12,1
20121106,48265,Kerr County,TX,0,100,100,98.39,0,0,11-06-12,11-12-12,1
20121030,48265,Kerr County,TX,0,100,100,98.39,0,0,10-30-12,11-05-12,1
20121023,48265,Kerr County,TX,0,100,100,98.39,0,0,10-23-12,10-29-12,1
20121016,48265,Kerr County,TX,0,100,100,98.39,0,0,10-16-12,10-22-12,1
20121009,48265,Kerr County,TX,0,100,100,98.39,0,0,10-09-12,10-15-12,1
20121002,48265,Kerr County,TX,0,100,100,95.64,0,0,10-02-12,10-08-12,1
20120925,48265,Kerr County,TX,0,100,100,100,0,0,09-25-12,10-01-12,1
20120918,48265,Kerr County,TX,0,100,100,100,0,0,09-18-12,09-24-12,1
20120911,48265,Kerr County,TX,0,100,100,100,58.56,0,09-11-12,09-17-12,1
20120904,48265,Kerr County,TX,0,100,100,90.59,0,0,09-04-12,09-10-12,1
20120828,48265,Kerr County,TX,0,100,100,84.34,0,0,08-28-12,09-03-12,1
20120821,48265,Kerr County,TX,0,100,100,85.11,0,0,08-21-12,08-27-12,1
20120814,48265,Kerr County,TX,0,100,100,86.04,0,0,08-14-12,08-20-12,1
20120807,48265,Kerr County,TX,0,100,100,86.04,0,0,08-07-12,08-13-12,1
20120731,48265,Kerr County,TX,0,100,100,85.51,0,0,07-31-12,08-06-12,1
20120724,48265,Kerr County,TX,0,100,100,85.51,0,0,07-24-12,07-30-12,1
20120717,48265,Kerr County,TX,0,100,100,0,0,0,07-17-12,07-23-12,1
20120710,48265,Kerr County,TX,0,100,100,68.38,0,0,07-10-12,07-16-12,1
20120703,48265,Kerr County,TX,0,100,100,68.38,0,0,07-03-12,07-09-12,1
20120626,48265,Kerr County,TX,0,100,100,68.38,0,0,06-26-12,07-02-12,1
20120619,48265,Kerr County,TX,0,100,100,68.3,0,0,06-19-12,06-25-12,1
20120612,48265,Kerr County,TX,0,100,100,68.3,0,0,06-12-12,06-18-12,1
20120605,48265,Kerr County,TX,0,100,100,68.3,0,0,06-05-12,06-11-12,1
20120529,48265,Kerr County,TX,0,100,100,0,0,0,05-29-12,06-04-12,1
20120522,48265,Kerr County,TX,0,100,100,87.04,0,0,05-22-12,05-28-12,1
20120515,48265,Kerr County,TX,0,100,100,87.04,0,0,05-15-12,05-21-12,1
20120508,48265,Kerr County,TX,0,100,100,100,86.13,0,05-08-12,05-14-12,1
20120501,48265,Kerr County,TX,0,100,100,100,86.13,0,05-01-12,05-07-12,1
20120424,48265,Kerr County,TX,0,100,100,99.55,85.64,0,04-24-12,04-30-12,1
20120417,48265,Kerr County,TX,0,100,100,99.55,85.64,0,04-17-12,04-23-12,1
20120410,48265,Kerr County,TX,0,100,100,99.55,85.64,0,04-10-12,04-16-12,1
20120403,48265,Kerr County,TX,0,100,100,99.55,85.64,0,04-03-12,04-09-12,1
20120327,48265,Kerr County,TX,0,100,100,99.55,85.64,0,03-27-12,04-02-12,1
20120320,48265,Kerr County,TX,0,100,100,99.58,0,0,03-20-12,03-26-12,1
20120313,48265,Kerr County,TX,0,100,100,100,97.98,0,03-13-12,03-19-12,1
20120306,48265,Kerr County,TX,0,100,100,100,97.98,0,03-06-12,03-12-12,1
20120228,48265,Kerr County,TX,0,100,100,100,97.98,0,02-28-12,03-05-12,1
20120221,48265,Kerr County,TX,0,100,100,100,97.98,0,02-21-12,02-27-12,1
20120214,48265,Kerr County,TX,0,100,100,100,100,91.57,02-14-12,02-20-12,1
20120207,48265,Kerr County,TX,0,100,100,100,100,90.96,02-07-12,02-13-12,1
20120131,48265,Kerr County,TX,0,100,100,100,100,95.72,01-31-12,02-06-12,1
20120124,48265,Kerr County,TX,0,100,100,100,100,95.72,01-24-12,01-30-12,1
20120117,48265,Kerr County,TX,0,100,100,100,100,95.72,01-17-12,01-23-12,1
20120110,48265,Kerr County,TX,0,100,100,100,100,95.72,01-10-12,01-16-12,1
20120103,48265,Kerr County,TX,0,100,100,100,100,95.72,01-03-12,01-09-12,1
20111227,48265,Kerr County,TX,0,100,100,100,100,95.72,12-27-11,01-02-12,1
20111220,48265,Kerr County,TX,0,100,100,100,100,95.72,12-20-11,12-26-11,1
20111213,48265,Kerr County,TX,0,100,100,100,100,95.72,12-13-11,12-19-11,1
20111206,48265,Kerr County,TX,0,100,100,100,100,95.72,12-06-11,12-12-11,1
20111129,48265,Kerr County,TX,0,100,100,100,100,100,11-29-11,12-05-11,1
20111122,48265,Kerr County,TX,0,100,100,100,100,100,11-22-11,11-28-11,1
20111115,48265,Kerr County,TX,0,100,100,100,100,100,11-15-11,11-21-11,1
20111108,48265,Kerr County,TX,0,100,100,100,100,100,11-08-11,11-14-11,1
20111101,48265,Kerr County,TX,0,100,100,100,100,100,11-01-11,11-07-11,1
20111025,48265,Kerr County,TX,0,100,100,100,100,100,10-25-11,10-31-11,1
20111018,48265,Kerr County,TX,0,100,100,100,100,100,10-18-11,10-24-11,1
20111011,48265,Kerr County,TX,0,100,100,100,100,100,10-11-11,10-17-11,1
20111004,48265,Kerr County,TX,0,100,100,100,100,100,10-04-11,10-10-11,1
20110927,48265,Kerr County,TX,0,100,100,100,100,100,09-27-11,10-03-11,1
20110920,48265,Kerr County,TX,0,100,100,100,100,100,09-20-11,09-26-11,1
20110913,48265,Kerr County,TX,0,100,100,100,100,100,09-13-11,09-19-11,1
20110906,48265,Kerr County,TX,0,100,100,100,100,100,09-06-11,09-12-11,1
20110830,48265,Kerr County,TX,0,100,100,100,100,100,08-30-11,09-05-11,1
20110823,48265,Kerr County,TX,0,100,100,100,100,100,08-23-11,08-29-11,1
20110816,48265,Kerr County,TX,0,100,100,100,100,100,08-16-11,08-22-11,1
20110809,48265,Kerr County,TX,0,100,100,100,100,100,08-09-11,08-15-11,1
20110802,48265,Kerr County,TX,0,100,100,100,100,100,08-02-11,08-08-11,1
20110726,48265,Kerr County,TX,0,100,100,100,100,100,07-26-11,08-01-11,1
20110719,48265,Kerr County,TX,0,100,100,100,100,100,07-19-11,07-25-11,1
20110712,48265,Kerr County,TX,0,100,100,100,100,100,07-12-11,07-18-11,1
20110705,48265,Kerr County,TX,0,100,100,100,100,100,07-05-11,07-11-11,1
20110628,48265,Kerr County,TX,0,100,100,100,100,100,06-28-11,07-04-11,1
20110621,48265,Kerr County,TX,0,100,100,100,100,100,06-21-11,06-27-11,1
20110614,48265,Kerr County,TX,0,100,100,100,100,100,06-14-11,06-20-11,1
20110607,48265,Kerr County,TX,0,100,100,100,100,100,06-07-11,06-13-11,1
20110531,48265,Kerr County,TX,0,100,100,100,100,100,05-31-11,06-06-11,1
20110524,48265,Kerr County,TX,0,100,100,100,100,100,05-24-11,05-30-11,1
20110517,48265,Kerr County,TX,0,100,100,100,100,100,05-17-11,05-23-11,1
20110510,48265,Kerr County,TX,0,100,100,100,100,100,05-10-11,05-16-11,1
20110503,48265,Kerr County,TX,0,100,100,100,100,95.34,05-03-11,05-09-11,1
20110426,48265,Kerr County,TX,0,100,100,100,100,63.1,04-26-11,05-02-11,1
20110419,48265,Kerr County,TX,0,100,100,100,100,56.42,04-19-11,04-25-11,1
20110412,48265,Kerr County,TX,0,100,100,100,100,0,04-12-11,04-18-11,1
20110405,48265,Kerr County,TX,0,100,100,100,100,0,04-05-11,04-11-11,1
20110329,48265,Kerr County,TX,0,100,100,100,100,0,03-29-11,04-04-11,1
20110322,48265,Kerr County,TX,0,100,100,100,100,0,03-22-11,03-28-11,1
20110315,48265,Kerr County,TX,0,100,100,100,68.24,0,03-15-11,03-21-11,1
20110308,48265,Kerr County,TX,0,100,100,100,34.38,0,03-08-11,03-14-11,1
20110301,48265,Kerr County,TX,0,100,100,100,34.38,0,03-01-11,03-07-11,1
20110222,48265,Kerr County,TX,0,100,100,100,34.38,0,02-22-11,02-28-11,1
20110215,48265,Kerr County,TX,0,100,100,100,26.78,0,02-15-11,02-21-11,1
20110208,48265,Kerr County,TX,0,100,100,100,26.78,0,02-08-11,02-14-11,1
20110201,48265,Kerr County,TX,0,100,100,100,26.78,0,02-01-11,02-07-11,1
20110125,48265,Kerr County,TX,0,100,100,100,26.78,0,01-25-11,01-31-11,1
20110118,48265,Kerr County,TX,0,100,100,100,26.78,0,01-18-11,01-24-11,1
20110111,48265,Kerr County,TX,0,100,100,100,26.78,0,01-11-11,01-17-11,1
20110104,48265,Kerr County,TX,0,100,100,100,29.01,0,01-04-11,01-10-11,1
20101228,48265,Kerr County,TX,0,100,100,100,29.01,0,12-28-10,01-03-11,1
20101221,48265,Kerr County,TX,0,100,100,100,29.01,0,12-21-10,12-27-10,1
20101214,48265,Kerr County,TX,0,100,100,100,28.96,0,12-14-10,12-20-10,1
20101207,48265,Kerr County,TX,0,100,100,100,28.95,0,12-07-10,12-13-10,1
20101130,48265,Kerr County,TX,0,100,100,87.69,27.17,0,11-30-10,12-06-10,1
20101123,48265,Kerr County,TX,0,100,89.31,31.41,0,0,11-23-10,11-29-10,1
20101116,48265,Kerr County,TX,0,100,89.31,31.41,0,0,11-16-10,11-22-10,1
20101109,48265,Kerr County,TX,0,100,89.31,31.41,0,0,11-09-10,11-15-10,1
20101102,48265,Kerr County,TX,0,100,19.42,0,0,0,11-02-10,11-08-10,1
20101026,48265,Kerr County,TX,26.9,73.1,19.42,0,0,0,10-26-10,11-01-10,1
20101019,48265,Kerr County,TX,47.73,52.27,0,0,0,0,10-19-10,10-25-10,1
20101012,48265,Kerr County,TX,68.06,31.94,0,0,0,0,10-12-10,10-18-10,1
20101005,48265,Kerr County,TX,68.06,31.94,0,0,0,0,10-05-10,10-11-10,1
20100928,48265,Kerr County,TX,68.06,31.94,0,0,0,0,09-28-10,10-04-10,1
20100921,48265,Kerr County,TX,68.06,31.94,0,0,0,0,09-21-10,09-27-10,1
20100914,48265,Kerr County,TX,68.06,31.94,0,0,0,0,09-14-10,09-20-10,1
20100907,48265,Kerr County,TX,0,100,0,0,0,0,09-07-10,09-13-10,1
20100831,48265,Kerr County,TX,0,100,100,0,0,0,08-31-10,09-06-10,1
20100824,48265,Kerr County,TX,0,100,0,0,0,0,08-24-10,08-30-10,1
20100817,48265,Kerr County,TX,0.39,99.61,0,0,0,0,08-17-10,08-23-10,1
20100810,48265,Kerr County,TX,100,0,0,0,0,0,08-10-10,08-16-10,1
20100803,48265,Kerr County,TX,100,0,0,0,0,0,08-03-10,08-09-10,1
20100727,48265,Kerr County,TX,100,0,0,0,0,0,07-27-10,08-02-10,1
20100720,48265,Kerr County,TX,34.29,65.71,0,0,0,0,07-20-10,07-26-10,1
20100713,48265,Kerr County,TX,34.29,65.71,0,0,0,0,07-13-10,07-19-10,1
20100706,48265,Kerr County,TX,34.29,65.71,0,0,0,0,07-06-10,07-12-10,1
20100629,48265,Kerr County,TX,0,100,0,0,0,0,06-29-10,07-05-10,1
20100622,48265,Kerr County,TX,0,100,0,0,0,0,06-22-10,06-28-10,1
20100615,48265,Kerr County,TX,100,0,0,0,0,0,06-15-10,06-21-10,1
20100608,48265,Kerr County,TX,100,0,0,0,0,0,06-08-10,06-14-10,1
20100601,48265,Kerr County,TX,100,0,0,0,0,0,06-01-10,06-07-10,1
20100525,48265,Kerr County,TX,100,0,0,0,0,0,05-25-10,05-31-10,1
20100518,48265,Kerr County,TX,100,0,0,0,0,0,05-18-10,05-24-10,1
20100511,48265,Kerr County,TX,100,0,0,0,0,0,05-11-10,05-17-10,1
20100504,48265,Kerr County,TX,100,0,0,0,0,0,05-04-10,05-10-10,1
20100427,48265,Kerr County,TX,100,0,0,0,0,0,04-27-10,05-03-10,1
20100420,48265,Kerr County,TX,100,0,0,0,0,0,04-20-10,04-26-10,1
20100413,48265,Kerr County,TX,100,0,0,0,0,0,04-13-10,04-19-10,1
20100406,48265,Kerr County,TX,100,0,0,0,0,0,04-06-10,04-12-10,1
20100330,48265,Kerr County,TX,100,0,0,0,0,0,03-30-10,04-05-10,1
20100323,48265,Kerr County,TX,100,0,0,0,0,0,03-23-10,03-29-10,1
20100316,48265,Kerr County,TX,100,0,0,0,0,0,03-16-10,03-22-10,1
20100309,48265,Kerr County,TX,100,0,0,0,0,0,03-09-10,03-15-10,1
20100302,48265,Kerr County,TX,100,0,0,0,0,0,03-02-10,03-08-10,1
20100223,48265,Kerr County,TX,100,0,0,0,0,0,02-23-10,03-01-10,1
20100216,48265,Kerr County,TX,100,0,0,0,0,0,02-16-10,02-22-10,1
20100209,48265,Kerr County,TX,100,0,0,0,0,0,02-09-10,02-15-10,1
20100202,48265,Kerr County,TX,86.24,13.76,0,0,0,0,02-02-10,02-08-10,1
20100126,48265,Kerr County,TX,49.65,50.35,13.23,0,0,0,01-26-10,02-01-10,1
20100119,48265,Kerr County,TX,49.65,50.35,14.14,0,0,0,01-19-10,01-25-10,1
20100112,48265,Kerr County,TX,49.65,50.35,14.14,0,0,0,01-12-10,01-18-10,1
20100105,48265,Kerr County,TX,49.65,50.35,14.14,0,0,0,01-05-10,01-11-10,1
20091229,48265,Kerr County,TX,49.65,50.35,14.14,0,0,0,12-29-09,01-04-10,1
20091222,48265,Kerr County,TX,49.65,50.35,14.14,0,0,0,12-22-09,12-28-09,1
20091215,48265,Kerr County,TX,49.65,50.35,14.14,0,0,0,12-15-09,12-21-09,1
20091208,48265,Kerr County,TX,49.65,50.35,27.41,13.36,0,0,12-08-09,12-14-09,1
20091201,48265,Kerr County,TX,33.94,66.06,27.41,13.36,0,0,12-01-09,12-07-09,1
20091124,48265,Kerr County,TX,33.94,66.06,27.63,13.83,1.91,0,11-24-09,11-30-09,1
20091117,48265,Kerr County,TX,22.53,77.47,54.97,14.42,1.91,0,11-17-09,11-23-09,1
20091110,48265,Kerr County,TX,22.53,77.47,54.97,14.42,1.91,0,11-10-09,11-16-09,1
20091103,48265,Kerr County,TX,22.53,77.47,54.97,14.42,1.91,0,11-03-09,11-09-09,1
20091027,48265,Kerr County,TX,22.09,77.91,54.97,14.42,1.91,0,10-27-09,11-02-09,1
20091020,48265,Kerr County,TX,3.75,96.25,81.57,58.3,1.91,0,10-20-09,10-26-09,1
20091013,48265,Kerr County,TX,3.75,96.25,81.57,58.3,1.91,0,10-13-09,10-19-09,1
20091006,48265,Kerr County,TX,3.75,96.25,81.57,58.3,1.91,0,10-06-09,10-12-09,1
20090929,48265,Kerr County,TX,0,100,99.81,89.02,37.5,0,09-29-09,10-05-09,1
20090922,48265,Kerr County,TX,0,100,100,89.02,45.98,0,09-22-09,09-28-09,1
20090915,48265,Kerr County,TX,0,100,100,100,45.98,0,09-15-09,09-21-09,1
20090908,48265,Kerr County,TX,0,100,100,85.08,60.73,8.44,09-08-09,09-14-09,1
20090901,48265,Kerr County,TX,0,100,100,85.08,60.73,8.44,09-01-09,09-07-09,1
20090825,48265,Kerr County,TX,0,100,100,85.08,60.73,8.44,08-25-09,08-31-09,1
20090818,48265,Kerr County,TX,0,100,100,85.08,60.73,8.44,08-18-09,08-24-09,1
20090811,48265,Kerr County,TX,0,100,100,99.96,83.36,59.69,08-11-09,08-17-09,1
20090804,48265,Kerr County,TX,0,100,100,99.96,83.36,59.69,08-04-09,08-10-09,1
20090728,48265,Kerr County,TX,0,100,100,100,83.29,60.08,07-28-09,08-03-09,1
20090721,48265,Kerr County,TX,0,100,100,94.69,58.92,24.94,07-21-09,07-27-09,1
20090714,48265,Kerr County,TX,0,100,100,94.69,58.92,24.94,07-14-09,07-20-09,1
20090707,48265,Kerr County,TX,0,100,100,94.69,58.92,10.13,07-07-09,07-13-09,1
20090630,48265,Kerr County,TX,0,100,100,100,87.94,10.13,06-30-09,07-06-09,1
20090623,48265,Kerr County,TX,0,100,100,99.46,57.31,0,06-23-09,06-29-09,1
20090616,48265,Kerr County,TX,0,100,100,100,57.31,0,06-16-09,06-22-09,1
20090609,48265,Kerr County,TX,0,100,100,100,57.31,0,06-09-09,06-15-09,1
20090602,48265,Kerr County,TX,0,100,100,100,57.31,0,06-02-09,06-08-09,1
20090526,48265,Kerr County,TX,0,100,100,100,57.31,0,05-26-09,06-01-09,1
20090519,48265,Kerr County,TX,0,100,100,100,93.12,29.87,05-19-09,05-25-09,1
20090512,48265,Kerr County,TX,0,100,100,100,93.01,7.4,05-12-09,05-18-09,1
20090505,48265,Kerr County,TX,0,100,100,100,93.01,0,05-05-09,05-11-09,1
20090428,48265,Kerr County,TX,0,100,100,100,93.01,0,04-28-09,05-04-09,1
20090421,48265,Kerr County,TX,0,100,100,100,99.93,9.98,04-21-09,04-27-09,1
20090414,48265,Kerr County,TX,0,100,100,100,100,9.98,04-14-09,04-20-09,1
20090407,48265,Kerr County,TX,0,100,100,100,100,9.98,04-07-09,04-13-09,1
20090331,48265,Kerr County,TX,0,100,100,100,100,9.98,03-31-09,04-06-09,1
20090324,48265,Kerr County,TX,0,100,100,100,100,9.98,03-24-09,03-30-09,1
20090317,48265,Kerr County,TX,0,100,100,100,99.82,9.98,03-17-09,03-23-09,1
20090310,48265,Kerr County,TX,0,100,100,100,100,97.78,03-10-09,03-16-09,1
20090303,48265,Kerr County,TX,0,100,100,100,100,97.78,03-03-09,03-09-09,1
20090224,48265,Kerr County,TX,0,100,100,100,100,97.78,02-24-09,03-02-09,1
20090217,48265,Kerr County,TX,0,100,100,100,100,97.78,02-17-09,02-23-09,1
20090210,48265,Kerr County,TX,0,100,100,100,100,97.78,02-10-09,02-16-09,1
20090203,48265,Kerr County,TX,0,100,100,100,100,82.28,02-03-09,02-09-09,1
20090127,48265,Kerr County,TX,0,100,100,100,100,35.01,01-27-09,02-02-09,1
20090120,48265,Kerr County,TX,0,100,100,100,100,35.01,01-20-09,01-26-09,1
20090113,48265,Kerr County,TX,0,100,100,100,100,35.01,01-13-09,01-19-09,1
20090106,48265,Kerr County,TX,0,100,100,100,100,35.01,01-06-09,01-12-09,1
20081230,48265,Kerr County,TX,0,100,100,100,100,35.01,12-30-08,01-05-09,1
20081223,48265,Kerr County,TX,0,100,100,100,100,35.01,12-23-08,12-29-08,1
20081216,48265,Kerr County,TX,0,100,100,100,100,35.01,12-16-08,12-22-08,1
20081209,48265,Kerr County,TX,0,100,100,100,73.43,11.69,12-09-08,12-15-08,1
20081202,48265,Kerr County,TX,0,100,100,100,73.43,0,12-02-08,12-08-08,1
20081125,48265,Kerr County,TX,0,100,100,100,73.43,0,11-25-08,12-01-08,1
20081118,48265,Kerr County,TX,0,100,100,100,24.95,0,11-18-08,11-24-08,1
20081111,48265,Kerr County,TX,0,100,100,100,24.95,0,11-11-08,11-17-08,1
20081104,48265,Kerr County,TX,0,100,100,100,24.95,0,11-04-08,11-10-08,1
20081028,48265,Kerr County,TX,0,100,100,100,19.43,0,10-28-08,11-03-08,1
20081021,48265,Kerr County,TX,0,100,100,100,0,0,10-21-08,10-27-08,1
20081014,48265,Kerr County,TX,0,100,100,100,0,0,10-14-08,10-20-08,1
20081007,48265,Kerr County,TX,0,100,100,100,0,0,10-07-08,10-13-08,1
20080930,48265,Kerr County,TX,0,100,100,100,0,0,09-30-08,10-06-08,1
20080923,48265,Kerr County,TX,0,100,100,100,0,0,09-23-08,09-29-08,1
20080916,48265,Kerr County,TX,0,100,100,91.51,0,0,09-16-08,09-22-08,1
20080909,48265,Kerr County,TX,0,100,100,91.51,0,0,09-09-08,09-15-08,1
20080902,48265,Kerr County,TX,0,100,100,91.51,0,0,09-02-08,09-08-08,1
20080826,48265,Kerr County,TX,0,100,100,91.51,0,0,08-26-08,09-01-08,1
20080819,48265,Kerr County,TX,0,100,100,100,0.73,0,08-19-08,08-25-08,1
20080812,48265,Kerr County,TX,0,100,100,100,100,2.64,08-12-08,08-18-08,1
20080805,48265,Kerr County,TX,0,100,100,100,100,2.65,08-05-08,08-11-08,1
20080729,48265,Kerr County,TX,0,100,100,100,100,2.65,07-29-08,08-04-08,1
20080722,48265,Kerr County,TX,0,100,100,100,100,2.7,07-22-08,07-28-08,1
20080715,48265,Kerr County,TX,0,100,100,100,100,0,07-15-08,07-21-08,1
20080708,48265,Kerr County,TX,0,100,100,100,100,0,07-08-08,07-14-08,1
20080701,48265,Kerr County,TX,0,100,100,100,47.94,0,07-01-08,07-07-08,1
20080624,48265,Kerr County,TX,0,100,100,97.78,28.69,0,06-24-08,06-30-08,1
20080617,48265,Kerr County,TX,0,100,100,100,50.94,0,06-17-08,06-23-08,1
20080610,48265,Kerr County,TX,0,100,100,44.29,0,0,06-10-08,06-16-08,1
20080603,48265,Kerr County,TX,0,100,100,2.31,0,0,06-03-08,06-09-08,1
20080527,48265,Kerr County,TX,0,100,100,2.15,0,0,05-27-08,06-02-08,1
20080520,48265,Kerr County,TX,0,100,92.64,0,0,0,05-20-08,05-26-08,1
20080513,48265,Kerr County,TX,0,100,100,88.32,0,0,05-13-08,05-19-08,1
20080506,48265,Kerr County,TX,0,100,100,88.32,0,0,05-06-08,05-12-08,1
20080429,48265,Kerr County,TX,0,100,100,87.57,0,0,04-29-08,05-05-08,1
20080422,48265,Kerr County,TX,0,100,100,87.57,0,0,04-22-08,04-28-08,1
20080415,48265,Kerr County,TX,0,100,100,87.57,0,0,04-15-08,04-21-08,1
20080408,48265,Kerr County,TX,0,100,100,87.57,0,0,04-08-08,04-14-08,1
20080401,48265,Kerr County,TX,0,100,100,86.83,0,0,04-01-08,04-07-08,1
20080325,48265,Kerr County,TX,0,100,100,86.83,0,0,03-25-08,03-31-08,1
20080318,48265,Kerr County,TX,0,100,100,100,0,0,03-18-08,03-24-08,1
20080311,48265,Kerr County,TX,0,100,100,100,0,0,03-11-08,03-17-08,1
20080304,48265,Kerr County,TX,0,100,100,100,0,0,03-04-08,03-10-08,1
20080226,48265,Kerr County,TX,0,100,100,100,0,0,02-26-08,03-03-08,1
20080219,48265,Kerr County,TX,0,100,100,100,0,0,02-19-08,02-25-08,1
20080212,48265,Kerr County,TX,0,100,100,100,0,0,02-12-08,02-18-08,1
20080205,48265,Kerr County,TX,0,100,100,1,0,0,02-05-08,02-11-08,1
20080129,48265,Kerr County,TX,0,100,100,0,0,0,01-29-08,02-04-08,1
20080122,48265,Kerr County,TX,0,100,100,0,0,0,01-22-08,01-28-08,1
20080115,48265,Kerr County,TX,0,100,100,0,0,0,01-15-08,01-21-08,1
20080108,48265,Kerr County,TX,0,100,0.01,0,0,0,01-08-08,01-14-08,1
20080101,48265,Kerr County,TX,0,100,0,0,0,0,01-01-08,01-07-08,1
20071225,48265,Kerr County,TX,0,100,0,0,0,0,12-25-07,12-31-07,1
20071218,48265,Kerr County,TX,0,100,0,0,0,0,12-18-07,12-24-07,1
20071211,48265,Kerr County,TX,0,100,0,0,0,0,12-11-07,12-17-07,1
20071204,48265,Kerr County,TX,0,100,0,0,0,0,12-04-07,12-10-07,1
20071127,48265,Kerr County,TX,100,0,0,0,0,0,11-27-07,12-03-07,1
20071120,48265,Kerr County,TX,0,100,0,0,0,0,11-20-07,11-26-07,1
20071113,48265,Kerr County,TX,0,100,0,0,0,0,11-13-07,11-19-07,1
20071106,48265,Kerr County,TX,100,0,0,0,0,0,11-06-07,11-12-07,1
20071030,48265,Kerr County,TX,100,0,0,0,0,0,10-30-07,11-05-07,1
20071023,48265,Kerr County,TX,100,0,0,0,0,0,10-23-07,10-29-07,1
20071016,48265,Kerr County,TX,100,0,0,0,0,0,10-16-07,10-22-07,1
20071009,48265,Kerr County,TX,100,0,0,0,0,0,10-09-07,10-15-07,1
20071002,48265,Kerr County,TX,100,0,0,0,0,0,10-02-07,10-08-07,1
20070925,48265,Kerr County,TX,100,0,0,0,0,0,09-25-07,10-01-07,1
20070918,48265,Kerr County,TX,100,0,0,0,0,0,09-18-07,09-24-07,1
20070911,48265,Kerr County,TX,100,0,0,0,0,0,09-11-07,09-17-07,1
20070904,48265,Kerr County,TX,100,0,0,0,0,0,09-04-07,09-10-07,1
20070828,48265,Kerr County,TX,100,0,0,0,0,0,08-28-07,09-03-07,1
20070821,48265,Kerr County,TX,100,0,0,0,0,0,08-21-07,08-27-07,1
20070814,48265,Kerr County,TX,100,0,0,0,0,0,08-14-07,08-20-07,1
20070807,48265,Kerr County,TX,100,0,0,0,0,0,08-07-07,08-13-07,1
20070731,48265,Kerr County,TX,100,0,0,0,0,0,07-31-07,08-06-07,1
20070724,48265,Kerr County,TX,100,0,0,0,0,0,07-24-07,07-30-07,1
20070717,48265,Kerr County,TX,100,0,0,0,0,0,07-17-07,07-23-07,1
20070710,48265,Kerr County,TX,100,0,0,0,0,0,07-10-07,07-16-07,1
20070703,48265,Kerr County,TX,100,0,0,0,0,0,07-03-07,07-09-07,1
20070626,48265,Kerr County,TX,100,0,0,0,0,0,06-26-07,07-02-07,1
20070619,48265,Kerr County,TX,100,0,0,0,0,0,06-19-07,06-25-07,1
20070612,48265,Kerr County,TX,100,0,0,0,0,0,06-12-07,06-18-07,1
20070605,48265,Kerr County,TX,100,0,0,0,0,0,06-05-07,06-11-07,1
20070529,48265,Kerr County,TX,100,0,0,0,0,0,05-29-07,06-04-07,1
20070522,48265,Kerr County,TX,100,0,0,0,0,0,05-22-07,05-28-07,1
20070515,48265,Kerr County,TX,100,0,0,0,0,0,05-15-07,05-21-07,1
20070508,48265,Kerr County,TX,100,0,0,0,0,0,05-08-07,05-14-07,1
20070501,48265,Kerr County,TX,100,0,0,0,0,0,05-01-07,05-07-07,1
20070424,48265,Kerr County,TX,31.42,68.58,0,0,0,0,04-24-07,04-30-07,1
20070417,48265,Kerr County,TX,31.42,68.58,0,0,0,0,04-17-07,04-23-07,1
20070410,48265,Kerr County,TX,31.42,68.58,0,0,0,0,04-10-07,04-16-07,1
20070403,48265,Kerr County,TX,6.17,93.83,0,0,0,0,04-03-07,04-09-07,1
20070327,48265,Kerr County,TX,0,100,100,93.83,0,0,03-27-07,04-02-07,1
20070320,48265,Kerr County,TX,0,100,100,100,85.53,0,03-20-07,03-26-07,1
20070313,48265,Kerr County,TX,0,100,100,100,85.53,0,03-13-07,03-19-07,1
20070306,48265,Kerr County,TX,0,100,100,100,100,0,03-06-07,03-12-07,1
20070227,48265,Kerr County,TX,0,100,100,100,100,0,02-27-07,03-05-07,1
20070220,48265,Kerr County,TX,0,100,100,100,100,0,02-20-07,02-26-07,1
20070213,48265,Kerr County,TX,0,100,100,100,100,0,02-13-07,02-19-07,1
20070206,48265,Kerr County,TX,0,100,100,100,100,0,02-06-07,02-12-07,1
20070130,48265,Kerr County,TX,0,100,100,100,100,0,01-30-07,02-05-07,1
20070123,48265,Kerr County,TX,0,100,100,100,100,0,01-23-07,01-29-07,1
20070116,48265,Kerr County,TX,0,100,100,100,100,1.5,01-16-07,01-22-07,1
20070109,48265,Kerr County,TX,0,100,100,100,100,2.38,01-09-07,01-15-07,1
20070102,48265,Kerr County,TX,0,100,100,100,100,2.38,01-02-07,01-08-07,1
20061226,48265,Kerr County,TX,0,100,100,100,100,2.38,12-26-06,01-01-07,1
20061219,48265,Kerr County,TX,0,100,100,100,100,2.38,12-19-06,12-25-06,1
20061212,48265,Kerr County,TX,0,100,100,100,100,2.38,12-12-06,12-18-06,1
20061205,48265,Kerr County,TX,0,100,100,100,100,0,12-05-06,12-11-06,1
20061128,48265,Kerr County,TX,0,100,100,100,100,0,11-28-06,12-04-06,1
20061121,48265,Kerr County,TX,0,100,100,100,100,0,11-21-06,11-27-06,1
20061114,48265,Kerr County,TX,0,100,100,100,100,0,11-14-06,11-20-06,1
20061107,48265,Kerr County,TX,0,100,100,100,100,0,11-07-06,11-13-06,1
20061031,48265,Kerr County,TX,0,100,100,100,100,0,10-31-06,11-06-06,1
20061024,48265,Kerr County,TX,0,100,100,100,100,0,10-24-06,10-30-06,1
20061017,48265,Kerr County,TX,0,100,100,100,100,0,10-17-06,10-23-06,1
20061010,48265,Kerr County,TX,0,100,100,100,100,0,10-10-06,10-16-06,1
20061003,48265,Kerr County,TX,0,100,100,100,100,0,10-03-06,10-09-06,1
20060926,48265,Kerr County,TX,0,100,100,100,100,0,09-26-06,10-02-06,1
20060919,48265,Kerr County,TX,0,100,100,100,100,0,09-19-06,09-25-06,1
20060912,48265,Kerr County,TX,0,100,100,100,100,62.89,09-12-06,09-18-06,1
20060905,48265,Kerr County,TX,0,100,100,100,100,62.89,09-05-06,09-11-06,1
20060829,48265,Kerr County,TX,0,100,100,100,100,58.51,08-29-06,09-04-06,1
20060822,48265,Kerr County,TX,0,100,100,100,100,0,08-22-06,08-28-06,1
20060815,48265,Kerr County,TX,0,100,100,100,100,0,08-15-06,08-21-06,1
20060808,48265,Kerr County,TX,0,100,100,100,100,8.35,08-08-06,08-14-06,1
20060801,48265,Kerr County,TX,0,100,100,100,100,1.98,08-01-06,08-07-06,1
20060725,48265,Kerr County,TX,0,100,100,100,100,1.98,07-25-06,07-31-06,1
20060718,48265,Kerr County,TX,0,100,100,100,100,1.98,07-18-06,07-24-06,1
20060711,48265,Kerr County,TX,0,100,100,100,28.68,0,07-11-06,07-17-06,1
20060704,48265,Kerr County,TX,0,100,100,100,0.96,0,07-04-06,07-10-06,1
20060627,48265,Kerr County,TX,0,100,100,100,0.96,0,06-27-06,07-03-06,1
20060620,48265,Kerr County,TX,0,100,100,100,0.96,0,06-20-06,06-26-06,1
20060613,48265,Kerr County,TX,0,100,100,100,0.96,0,06-13-06,06-19-06,1
20060606,48265,Kerr County,TX,0,100,100,74.98,0.96,0,06-06-06,06-12-06,1
20060530,48265,Kerr County,TX,0,100,100,74.98,0.96,0,05-30-06,06-05-06,1
20060523,48265,Kerr County,TX,0,100,100,66.27,7.6,0,05-23-06,05-29-06,1
20060516,48265,Kerr County,TX,0,100,100,84.52,12.98,0,05-16-06,05-22-06,1
20060509,48265,Kerr County,TX,0,100,100,84.52,12.98,0,05-09-06,05-15-06,1
20060502,48265,Kerr County,TX,0,100,100,100,76.86,25.94,05-02-06,05-08-06,1
20060425,48265,Kerr County,TX,0,100,100,100,100,25.94,04-25-06,05-01-06,1
20060418,48265,Kerr County,TX,0,100,100,100,100,51.37,04-18-06,04-24-06,1
20060411,48265,Kerr County,TX,0,100,100,100,47.29,4.49,04-11-06,04-17-06,1
20060404,48265,Kerr County,TX,0,100,100,100,47.29,4.49,04-04-06,04-10-06,1
20060328,48265,Kerr County,TX,0,100,100,100,56.92,4.49,03-28-06,04-03-06,1
20060321,48265,Kerr County,TX,0,100,100,100,61.19,4.49,03-21-06,03-27-06,1
20060314,48265,Kerr County,TX,0,100,100,100,61.19,4.49,03-14-06,03-20-06,1
20060307,48265,Kerr County,TX,0,100,100,100,39.25,3.42,03-07-06,03-13-06,1
20060228,48265,Kerr County,TX,0,100,100,100,39.25,3.42,02-28-06,03-06-06,1
20060221,48265,Kerr County,TX,0,100,100,100,39.25,0,02-21-06,02-27-06,1
20060214,48265,Kerr County,TX,0,100,100,100,39.25,0,02-14-06,02-20-06,1
20060207,48265,Kerr County,TX,0,100,100,100,2.11,0,02-07-06,02-13-06,1
20060131,48265,Kerr County,TX,0,100,100,65.04,1.78,0,01-31-06,02-06-06,1
20060124,48265,Kerr County,TX,0,100,100,66.47,1.65,0,01-24-06,01-30-06,1
20060117,48265,Kerr County,TX,0,100,100,40.94,1.65,0,01-17-06,01-23-06,1
20060110,48265,Kerr County,TX,0,100,100,40.94,1.65,0,01-10-06,01-16-06,1
20060103,48265,Kerr County,TX,0,100,100,44.69,0,0,01-03-06,01-09-06,1
20051227,48265,Kerr County,TX,0,100,100,41.87,0,0,12-27-05,01-02-06,1
20051220,48265,Kerr County,TX,0,100,100,41.87,0,0,12-20-05,12-26-05,1
20051213,48265,Kerr County,TX,0,100,95.23,27.7,0,0,12-13-05,12-19-05,1
20051206,48265,Kerr County,TX,0,100,95.23,29.2,0,0,12-06-05,12-12-05,1
20051129,48265,Kerr County,TX,0,100,95.23,29.2,0,0,11-29-05,12-05-05,1
20051122,48265,Kerr County,TX,0,100,95.23,29.2,0,0,11-22-05,11-28-05,1
20051115,48265,Kerr County,TX,0,100,95.23,29.2,0,0,11-15-05,11-21-05,1
20051108,48265,Kerr County,TX,0,100,95.23,0,0,0,11-08-05,11-14-05,1
20051101,48265,Kerr County,TX,0,100,100,0,0,0,11-01-05,11-07-05,1
20051025,48265,Kerr County,TX,0,100,0,0,0,0,10-25-05,10-31-05,1
20051018,48265,Kerr County,TX,0,100,0,0,0,0,10-18-05,10-24-05,1
20051011,48265,Kerr County,TX,0,100,0,0,0,0,10-11-05,10-17-05,1
20051004,48265,Kerr County,TX,0,100,18.59,0,0,0,10-04-05,10-10-05,1
20050927,48265,Kerr County,TX,64.49,35.51,0,0,0,0,09-27-05,10-03-05,1
20050920,48265,Kerr County,TX,78.48,21.52,0,0,0,0,09-20-05,09-26-05,1
20050913,48265,Kerr County,TX,78.48,21.52,0,0,0,0,09-13-05,09-19-05,1
20050906,48265,Kerr County,TX,41.69,58.31,3.48,0,0,0,09-06-05,09-12-05,1
20050830,48265,Kerr County,TX,41.69,58.31,3.48,0,0,0,08-30-05,09-05-05,1
20050823,48265,Kerr County,TX,65.07,34.93,3.48,0,0,0,08-23-05,08-29-05,1
20050816,48265,Kerr County,TX,65.07,34.93,3.48,0,0,0,08-16-05,08-22-05,1
20050809,48265,Kerr County,TX,65.07,34.93,3.48,0,0,0,08-09-05,08-15-05,1
20050802,48265,Kerr County,TX,0,100,83.4,0,0,0,08-02-05,08-08-05,1
20050726,48265,Kerr County,TX,0,100,100,0,0,0,07-26-05,08-01-05,1
20050719,48265,Kerr County,TX,0,100,100,0,0,0,07-19-05,07-25-05,1
20050712,48265,Kerr County,TX,0,100,100,0,0,0,07-12-05,07-18-05,1
20050705,48265,Kerr County,TX,0,100,100,0,0,0,07-05-05,07-11-05,1
20050628,48265,Kerr County,TX,0,100,0,0,0,0,06-28-05,07-04-05,1
20050621,48265,Kerr County,TX,99.97,0.03,0,0,0,0,06-21-05,06-27-05,1
20050614,48265,Kerr County,TX,100,0,0,0,0,0,06-14-05,06-20-05,1
20050607,48265,Kerr County,TX,100,0,0,0,0,0,06-07-05,06-13-05,1
20050531,48265,Kerr County,TX,100,0,0,0,0,0,05-31-05,06-06-05,1
20050524,48265,Kerr County,TX,100,0,0,0,0,0,05-24-05,05-30-05,1
20050517,48265,Kerr County,TX,100,0,0,0,0,0,05-17-05,05-23-05,1
20050510,48265,Kerr County,TX,100,0,0,0,0,0,05-10-05,05-16-05,1
20050503,48265,Kerr County,TX,0,100,0,0,0,0,05-03-05,05-09-05,1
20050426,48265,Kerr County,TX,100,0,0,0,0,0,04-26-05,05-02-05,1
20050419,48265,Kerr County,TX,100,0,0,0,0,0,04-19-05,04-25-05,1
20050412,48265,Kerr County,TX,100,0,0,0,0,0,04-12-05,04-18-05,1
20050405,48265,Kerr County,TX,100,0,0,0,0,0,04-05-05,04-11-05,1
20050329,48265,Kerr County,TX,100,0,0,0,0,0,03-29-05,04-04-05,1
20050322,48265,Kerr County,TX,100,0,0,0,0,0,03-22-05,03-28-05,1
20050315,48265,Kerr County,TX,100,0,0,0,0,0,03-15-05,03-21-05,1
20050308,48265,Kerr County,TX,100,0,0,0,0,0,03-08-05,03-14-05,1
20050301,48265,Kerr County,TX,100,0,0,0,0,0,03-01-05,03-07-05,1
20050222,48265,Kerr County,TX,100,0,0,0,0,0,02-22-05,02-28-05,1
20050215,48265,Kerr County,TX,100,0,0,0,0,0,02-15-05,02-21-05,1
20050208,48265,Kerr County,TX,100,0,0,0,0,0,02-08-05,02-14-05,1
20050201,48265,Kerr County,TX,100,0,0,0,0,0,02-01-05,02-07-05,1
20050125,48265,Kerr County,TX,100,0,0,0,0,0,01-25-05,01-31-05,1
20050118,48265,Kerr County,TX,100,0,0,0,0,0,01-18-05,01-24-05,1
20050111,48265,Kerr County,TX,100,0,0,0,0,0,01-11-05,01-17-05,1
20050104,48265,Kerr County,TX,100,0,0,0,0,0,01-04-05,01-10-05,1
20041228,48265,Kerr County,TX,100,0,0,0,0,0,12-28-04,01-03-05,1
20041221,48265,Kerr County,TX,100,0,0,0,0,0,12-21-04,12-27-04,1
20041214,48265,Kerr County,TX,100,0,0,0,0,0,12-14-04,12-20-04,1
20041207,48265,Kerr County,TX,100,0,0,0,0,0,12-07-04,12-13-04,1
20041130,48265,Kerr County,TX,100,0,0,0,0,0,11-30-04,12-06-04,1
20041123,48265,Kerr County,TX,100,0,0,0,0,0,11-23-04,11-29-04,1
20041116,48265,Kerr County,TX,100,0,0,0,0,0,11-16-04,11-22-04,1
20041109,48265,Kerr County,TX,100,0,0,0,0,0,11-09-04,11-15-04,1
20041102,48265,Kerr County,TX,100,0,0,0,0,0,11-02-04,11-08-04,1
20041026,48265,Kerr County,TX,100,0,0,0,0,0,10-26-04,11-01-04,1
20041019,48265,Kerr County,TX,100,0,0,0,0,0,10-19-04,10-25-04,1
20041012,48265,Kerr County,TX,100,0,0,0,0,0,10-12-04,10-18-04,1
20041005,48265,Kerr County,TX,100,0,0,0,0,0,10-05-04,10-11-04,1
20040928,48265,Kerr County,TX,100,0,0,0,0,0,09-28-04,10-04-04,1
20040921,48265,Kerr County,TX,100,0,0,0,0,0,09-21-04,09-27-04,1
20040914,48265,Kerr County,TX,100,0,0,0,0,0,09-14-04,09-20-04,1
20040907,48265,Kerr County,TX,100,0,0,0,0,0,09-07-04,09-13-04,1
20040831,48265,Kerr County,TX,100,0,0,0,0,0,08-31-04,09-06-04,1
20040824,48265,Kerr County,TX,100,0,0,0,0,0,08-24-04,08-30-04,1
20040817,48265,Kerr County,TX,100,0,0,0,0,0,08-17-04,08-23-04,1
20040810,48265,Kerr County,TX,100,0,0,0,0,0,08-10-04,08-16-04,1
20040803,48265,Kerr County,TX,100,0,0,0,0,0,08-03-04,08-09-04,1
20040727,48265,Kerr County,TX,100,0,0,0,0,0,07-27-04,08-02-04,1
20040720,48265,Kerr County,TX,100,0,0,0,0,0,07-20-04,07-26-04,1
20040713,48265,Kerr County,TX,100,0,0,0,0,0,07-13-04,07-19-04,1
20040706,48265,Kerr County,TX,100,0,0,0,0,0,07-06-04,07-12-04,1
20040629,48265,Kerr County,TX,100,0,0,0,0,0,06-29-04,07-05-04,1
20040622,48265,Kerr County,TX,100,0,0,0,0,0,06-22-04,06-28-04,1
20040615,48265,Kerr County,TX,99.6,0.4,0,0,0,0,06-15-04,06-21-04,1
20040608,48265,Kerr County,TX,0,100,0,0,0,0,06-08-04,06-14-04,1
20040601,48265,Kerr County,TX,90.66,9.34,0,0,0,0,06-01-04,06-07-04,1
20040525,48265,Kerr County,TX,100,0,0,0,0,0,05-25-04,05-31-04,1
20040518,48265,Kerr County,TX,100,0,0,0,0,0,05-18-04,05-24-04,1
20040511,48265,Kerr County,TX,100,0,0,0,0,0,05-11-04,05-17-04,1
20040504,48265,Kerr County,TX,100,0,0,0,0,0,05-04-04,05-10-04,1
20040427,48265,Kerr County,TX,100,0,0,0,0,0,04-27-04,05-03-04,1
20040420,48265,Kerr County,TX,100,0,0,0,0,0,04-20-04,04-26-04,1
20040413,48265,Kerr County,TX,100,0,0,0,0,0,04-13-04,04-19-04,1
20040406,48265,Kerr County,TX,100,0,0,0,0,0,04-06-04,04-12-04,1
20040330,48265,Kerr County,TX,100,0,0,0,0,0,03-30-04,04-05-04,1
20040323,48265,Kerr County,TX,100,0,0,0,0,0,03-23-04,03-29-04,1
20040316,48265,Kerr County,TX,100,0,0,0,0,0,03-16-04,03-22-04,1
20040309,48265,Kerr County,TX,100,0,0,0,0,0,03-09-04,03-15-04,1
20040302,48265,Kerr County,TX,100,0,0,0,0,0,03-02-04,03-08-04,1
20040224,48265,Kerr County,TX,100,0,0,0,0,0,02-24-04,03-01-04,1
20040217,48265,Kerr County,TX,100,0,0,0,0,0,02-17-04,02-23-04,1
20040210,48265,Kerr County,TX,100,0,0,0,0,0,02-10-04,02-16-04,1
20040203,48265,Kerr County,TX,100,0,0,0,0,0,02-03-04,02-09-04,1
20040127,48265,Kerr County,TX,100,0,0,0,0,0,01-27-04,02-02-04,1
20040120,48265,Kerr County,TX,100,0,0,0,0,0,01-20-04,01-26-04,1
20040113,48265,Kerr County,TX,0,100,0,0,0,0,01-13-04,01-19-04,1
20040106,48265,Kerr County,TX,0,100,0,0,0,0,01-06-04,01-12-04,1
20031230,48265,Kerr County,TX,0,100,0,0,0,0,12-30-03,01-05-04,1
20031223,48265,Kerr County,TX,84.17,15.83,0,0,0,0,12-23-03,12-29-03,1
20031216,48265,Kerr County,TX,100,0,0,0,0,0,12-16-03,12-22-03,1
20031209,48265,Kerr County,TX,100,0,0,0,0,0,12-09-03,12-15-03,1
20031202,48265,Kerr County,TX,100,0,0,0,0,0,12-02-03,12-08-03,1
20031125,48265,Kerr County,TX,100,0,0,0,0,0,11-25-03,12-01-03,1
20031118,48265,Kerr County,TX,100,0,0,0,0,0,11-18-03,11-24-03,1
20031111,48265,Kerr County,TX,100,0,0,0,0,0,11-11-03,11-17-03,1
20031104,48265,Kerr County,TX,100,0,0,0,0,0,11-04-03,11-10-03,1
20031028,48265,Kerr County,TX,100,0,0,0,0,0,10-28-03,11-03-03,1
20031021,48265,Kerr County,TX,100,0,0,0,0,0,10-21-03,10-27-03,1
20031014,48265,Kerr County,TX,100,0,0,0,0,0,10-14-03,10-20-03,1
20031007,48265,Kerr County,TX,100,0,0,0,0,0,10-07-03,10-13-03,1
20030930,48265,Kerr County,TX,100,0,0,0,0,0,09-30-03,10-06-03,1
20030923,48265,Kerr County,TX,100,0,0,0,0,0,09-23-03,09-29-03,1
20030916,48265,Kerr County,TX,100,0,0,0,0,0,09-16-03,09-22-03,1
20030909,48265,Kerr County,TX,85.44,14.56,0,0,0,0,09-09-03,09-15-03,1
20030902,48265,Kerr County,TX,83.3,16.7,0,0,0,0,09-02-03,09-08-03,1
20030826,48265,Kerr County,TX,38.83,61.17,0,0,0,0,08-26-03,09-01-03,1
20030819,48265,Kerr County,TX,28.89,71.11,0,0,0,0,08-19-03,08-25-03,1
20030812,48265,Kerr County,TX,13.05,86.95,0,0,0,0,08-12-03,08-18-03,1
20030805,48265,Kerr County,TX,72.22,27.78,0,0,0,0,08-05-03,08-11-03,1
20030729,48265,Kerr County,TX,100,0,0,0,0,0,07-29-03,08-04-03,1
20030722,48265,Kerr County,TX,100,0,0,0,0,0,07-22-03,07-28-03,1
20030715,48265,Kerr County,TX,100,0,0,0,0,0,07-15-03,07-21-03,1
20030708,48265,Kerr County,TX,97.28,2.72,0,0,0,0,07-08-03,07-14-03,1
20030701,48265,Kerr County,TX,0,100,16.4,0,0,0,07-01-03,07-07-03,1
20030624,48265,Kerr County,TX,0,100,7.58,0,0,0,06-24-03,06-30-03,1
20030617,48265,Kerr County,TX,0,100,12.68,0,0,0,06-17-03,06-23-03,1
20030610,48265,Kerr County,TX,0,100,100,100,0,0,06-10-03,06-16-03,1
20030603,48265,Kerr County,TX,0,100,100,100,0,0,06-03-03,06-09-03,1
20030527,48265,Kerr County,TX,0,100,100,100,0,0,05-27-03,06-02-03,1
20030520,48265,Kerr County,TX,0,100,100,100,0,0,05-20-03,05-26-03,1
20030513,48265,Kerr County,TX,0,100,100,0,0,0,05-13-03,05-19-03,1
20030506,48265,Kerr County,TX,0,100,0,0,0,0,05-06-03,05-12-03,1
20030429,48265,Kerr County,TX,0,100,0,0,0,0,04-29-03,05-05-03,1
20030422,48265,Kerr County,TX,100,0,0,0,0,0,04-22-03,04-28-03,1
20030415,48265,Kerr County,TX,100,0,0,0,0,0,04-15-03,04-21-03,1
20030408,48265,Kerr County,TX,100,0,0,0,0,0,04-08-03,04-14-03,1
20030401,48265,Kerr County,TX,100,0,0,0,0,0,04-01-03,04-07-03,1
20030325,48265,Kerr County,TX,100,0,0,0,0,0,03-25-03,03-31-03,1
20030318,48265,Kerr County,TX,100,0,0,0,0,0,03-18-03,03-24-03,1
20030311,48265,Kerr County,TX,100,0,0,0,0,0,03-11-03,03-17-03,1
20030304,48265,Kerr County,TX,100,0,0,0,0,0,03-04-03,03-10-03,1
20030225,48265,Kerr County,TX,100,0,0,0,0,0,02-25-03,03-03-03,1
20030218,48265,Kerr County,TX,100,0,0,0,0,0,02-18-03,02-24-03,1
20030211,48265,Kerr County,TX,100,0,0,0,0,0,02-11-03,02-17-03,1
20030204,48265,Kerr County,TX,100,0,0,0,0,0,02-04-03,02-10-03,1
20030128,48265,Kerr County,TX,100,0,0,0,0,0,01-28-03,02-03-03,1
20030121,48265,Kerr County,TX,100,0,0,0,0,0,01-21-03,01-27-03,1
20030114,48265,Kerr County,TX,100,0,0,0,0,0,01-14-03,01-20-03,1
20030107,48265,Kerr County,TX,100,0,0,0,0,0,01-07-03,01-13-03,1
20021231,48265,Kerr County,TX,100,0,0,0,0,0,12-31-02,01-06-03,1
20021224,48265,Kerr County,TX,100,0,0,0,0,0,12-24-02,12-30-02,1
20021217,48265,Kerr County,TX,100,0,0,0,0,0,12-17-02,12-23-02,1
20021210,48265,Kerr County,TX,100,0,0,0,0,0,12-10-02,12-16-02,1
20021203,48265,Kerr County,TX,100,0,0,0,0,0,12-03-02,12-09-02,1
20021126,48265,Kerr County,TX,100,0,0,0,0,0,11-26-02,12-02-02,1
20021119,48265,Kerr County,TX,100,0,0,0,0,0,11-19-02,11-25-02,1
20021112,48265,Kerr County,TX,100,0,0,0,0,0,11-12-02,11-18-02,1
20021105,48265,Kerr County,TX,100,0,0,0,0,0,11-05-02,11-11-02,1
20021029,48265,Kerr County,TX,100,0,0,0,0,0,10-29-02,11-04-02,1
20021022,48265,Kerr County,TX,100,0,0,0,0,0,10-22-02,10-28-02,1
20021015,48265,Kerr County,TX,100,0,0,0,0,0,10-15-02,10-21-02,1
20021008,48265,Kerr County,TX,100,0,0,0,0,0,10-08-02,10-14-02,1
20021001,48265,Kerr County,TX,100,0,0,0,0,0,10-01-02,10-07-02,1
20020924,48265,Kerr County,TX,100,0,0,0,0,0,09-24-02,09-30-02,1
20020917,48265,Kerr County,TX,100,0,0,0,0,0,09-17-02,09-23-02,1
20020910,48265,Kerr County,TX,100,0,0,0,0,0,09-10-02,09-16-02,1
20020903,48265,Kerr County,TX,97.38,2.62,0,0,0,0,09-03-02,09-09-02,1
20020827,48265,Kerr County,TX,100,0,0,0,0,0,08-27-02,09-02-02,1
20020820,48265,Kerr County,TX,100,0,0,0,0,0,08-20-02,08-26-02,1
20020813,48265,Kerr County,TX,100,0,0,0,0,0,08-13-02,08-19-02,1
20020806,48265,Kerr County,TX,100,0,0,0,0,0,08-06-02,08-12-02,1
20020730,48265,Kerr County,TX,100,0,0,0,0,0,07-30-02,08-05-02,1
20020723,48265,Kerr County,TX,100,0,0,0,0,0,07-23-02,07-29-02,1
20020716,48265,Kerr County,TX,100,0,0,0,0,0,07-16-02,07-22-02,1
20020709,48265,Kerr County,TX,100,0,0,0,0,0,07-09-02,07-15-02,1
20020702,48265,Kerr County,TX,29.57,70.43,17.37,0,0,0,07-02-02,07-08-02,1
20020625,48265,Kerr County,TX,0,100,100,0,0,0,06-25-02,07-01-02,1
20020618,48265,Kerr County,TX,0,100,100,0,0,0,06-18-02,06-24-02,1
20020611,48265,Kerr County,TX,0,100,100,0,0,0,06-11-02,06-17-02,1
20020604,48265,Kerr County,TX,0,100,100,0,0,0,06-04-02,06-10-02,1
20020528,48265,Kerr County,TX,0,100,100,0,0,0,05-28-02,06-03-02,1
20020521,48265,Kerr County,TX,0,100,100,0,0,0,05-21-02,05-27-02,1
20020514,48265,Kerr County,TX,0,100,100,0,0,0,05-14-02,05-20-02,1
20020507,48265,Kerr County,TX,0,100,0,0,0,0,05-07-02,05-13-02,1
20020430,48265,Kerr County,TX,0,100,0,0,0,0,04-30-02,05-06-02,1
20020423,48265,Kerr County,TX,0,100,0,0,0,0,04-23-02,04-29-02,1
20020416,48265,Kerr County,TX,100,0,0,0,0,0,04-16-02,04-22-02,1
20020409,48265,Kerr County,TX,55.98,44.02,0,0,0,0,04-09-02,04-15-02,1
20020402,48265,Kerr County,TX,0,100,81.54,0,0,0,04-02-02,04-08-02,1
20020326,48265,Kerr County,TX,0,100,0,0,0,0,03-26-02,04-01-02,1
20020319,48265,Kerr County,TX,0,100,0,0,0,0,03-19-02,03-25-02,1
20020312,48265,Kerr County,TX,0,100,0,0,0,0,03-12-02,03-18-02,1
20020305,48265,Kerr County,TX,7.01,92.99,0,0,0,0,03-05-02,03-11-02,1
20020226,48265,Kerr County,TX,100,0,0,0,0,0,02-26-02,03-04-02,1
20020219,48265,Kerr County,TX,100,0,0,0,0,0,02-19-02,02-25-02,1
20020212,48265,Kerr County,TX,100,0,0,0,0,0,02-12-02,02-18-02,1
20020205,48265,Kerr County,TX,100,0,0,0,0,0,02-05-02,02-11-02,1
20020129,48265,Kerr County,TX,100,0,0,0,0,0,01-29-02,02-04-02,1
20020122,48265,Kerr County,TX,100,0,0,0,0,0,01-22-02,01-28-02,1
20020115,48265,Kerr County,TX,100,0,0,0,0,0,01-15-02,01-21-02,1
20020108,48265,Kerr County,TX,100,0,0,0,0,0,01-08-02,01-14-02,1
20020101,48265,Kerr County,TX,100,0,0,0,0,0,01-01-02,01-07-02,1
20011225,48265,Kerr County,TX,100,0,0,0,0,0,12-25-01,12-31-01,1
20011218,48265,Kerr County,TX,100,0,0,0,0,0,12-18-01,12-24-01,1
20011211,48265,Kerr County,TX,100,0,0,0,0,0,12-11-01,12-17-01,1
20011204,48265,Kerr County,TX,100,0,0,0,0,0,12-04-01,12-10-01,1
20011127,48265,Kerr County,TX,100,0,0,0,0,0,11-27-01,12-03-01,1
20011120,48265,Kerr County,TX,100,0,0,0,0,0,11-20-01,11-26-01,1
20011113,48265,Kerr County,TX,31.8,68.2,0,0,0,0,11-13-01,11-19-01,1
20011106,48265,Kerr County,TX,31.8,68.2,0,0,0,0,11-06-01,11-12-01,1
20011030,48265,Kerr County,TX,31.8,68.2,0,0,0,0,10-30-01,11-05-01,1
20011023,48265,Kerr County,TX,55.72,44.28,0,0,0,0,10-23-01,10-29-01,1
20011016,48265,Kerr County,TX,85.75,14.25,0,0,0,0,10-16-01,10-22-01,1
20011009,48265,Kerr County,TX,100,0,0,0,0,0,10-09-01,10-15-01,1
20011002,48265,Kerr County,TX,100,0,0,0,0,0,10-02-01,10-08-01,1
20010925,48265,Kerr County,TX,100,0,0,0,0,0,09-25-01,10-01-01,1
20010918,48265,Kerr County,TX,63.16,36.84,0,0,0,0,09-18-01,09-24-01,1
20010911,48265,Kerr County,TX,45.23,54.77,0,0,0,0,09-11-01,09-17-01,1
20010904,48265,Kerr County,TX,0,100,0,0,0,0,09-04-01,09-10-01,1
20010828,48265,Kerr County,TX,0,100,17.87,0,0,0,08-28-01,09-03-01,1
20010821,48265,Kerr County,TX,0,100,100,0,0,0,08-21-01,08-27-01,1
20010814,48265,Kerr County,TX,0,100,100,0,0,0,08-14-01,08-20-01,1
20010807,48265,Kerr County,TX,0,100,100,0,0,0,08-07-01,08-13-01,1
20010731,48265,Kerr County,TX,0,100,100,0,0,0,07-31-01,08-06-01,1
20010724,48265,Kerr County,TX,0,100,95.92,0,0,0,07-24-01,07-30-01,1
20010717,48265,Kerr County,TX,0,100,0,0,0,0,07-17-01,07-23-01,1
20010710,48265,Kerr County,TX,0,100,0,0,0,0,07-10-01,07-16-01,1
20010703,48265,Kerr County,TX,0,100,0,0,0,0,07-03-01,07-09-01,1
20010626,48265,Kerr County,TX,0,100,0,0,0,0,06-26-01,07-02-01,1
20010619,48265,Kerr County,TX,100,0,0,0,0,0,06-19-01,06-25-01,1
20010612,48265,Kerr County,TX,100,0,0,0,0,0,06-12-01,06-18-01,1
20010605,48265,Kerr County,TX,100,0,0,0,0,0,06-05-01,06-11-01,1
20010529,48265,Kerr County,TX,100,0,0,0,0,0,05-29-01,06-04-01,1
20010522,48265,Kerr County,TX,100,0,0,0,0,0,05-22-01,05-28-01,1
20010515,48265,Kerr County,TX,100,0,0,0,0,0,05-15-01,05-21-01,1
20010508,48265,Kerr County,TX,100,0,0,0,0,0,05-08-01,05-14-01,1
20010501,48265,Kerr County,TX,100,0,0,0,0,0,05-01-01,05-07-01,1
20010424,48265,Kerr County,TX,100,0,0,0,0,0,04-24-01,04-30-01,1
20010417,48265,Kerr County,TX,100,0,0,0,0,0,04-17-01,04-23-01,1
20010410,48265,Kerr County,TX,100,0,0,0,0,0,04-10-01,04-16-01,1
20010403,48265,Kerr County,TX,100,0,0,0,0,0,04-03-01,04-09-01,1
20010327,48265,Kerr County,TX,100,0,0,0,0,0,03-27-01,04-02-01,1
20010320,48265,Kerr County,TX,100,0,0,0,0,0,03-20-01,03-26-01,1
20010313,48265,Kerr County,TX,100,0,0,0,0,0,03-13-01,03-19-01,1
20010306,48265,Kerr County,TX,100,0,0,0,0,0,03-06-01,03-12-01,1
20010227,48265,Kerr County,TX,100,0,0,0,0,0,02-27-01,03-05-01,1
20010220,48265,Kerr County,TX,100,0,0,0,0,0,02-20-01,02-26-01,1
20010213,48265,Kerr County,TX,100,0,0,0,0,0,02-13-01,02-19-01,1
20010206,48265,Kerr County,TX,100,0,0,0,0,0,02-06-01,02-12-01,1
20010130,48265,Kerr County,TX,100,0,0,0,0,0,01-30-01,02-05-01,1
20010123,48265,Kerr County,TX,100,0,0,0,0,0,01-23-01,01-29-01,1
20010116,48265,Kerr County,TX,100,0,0,0,0,0,01-16-01,01-22-01,1
20010109,48265,Kerr County,TX,100,0,0,0,0,0,01-09-01,01-15-01,1
20010102,48265,Kerr County,TX,100,0,0,0,0,0,01-02-01,01-08-01,1
20001226,48265,Kerr County,TX,100,0,0,0,0,0,12-26-00,01-01-01,1
20001219,48265,Kerr County,TX,100,0,0,0,0,0,12-19-00,12-25-00,1
20001212,48265,Kerr County,TX,100,0,0,0,0,0,12-12-00,12-18-00,1
20001205,48265,Kerr County,TX,100,0,0,0,0,0,12-05-00,12-11-00,1
20001128,48265,Kerr County,TX,100,0,0,0,0,0,11-28-00,12-04-00,1
20001121,48265,Kerr County,TX,100,0,0,0,0,0,11-21-00,11-27-00,1
20001114,48265,Kerr County,TX,100,0,0,0,0,0,11-14-00,11-20-00,1
20001107,48265,Kerr County,TX,100,0,0,0,0,0,11-07-00,11-13-00,1
20001031,48265,Kerr County,TX,0,100,100,0,0,0,10-31-00,11-06-00,1
20001024,48265,Kerr County,TX,0,100,100,0,0,0,10-24-00,10-30-00,1
20001017,48265,Kerr County,TX,0,100,100,24.1,0,0,10-17-00,10-23-00,1
20001010,48265,Kerr County,TX,0,100,100,100,0,0,10-10-00,10-16-00,1
20001003,48265,Kerr County,TX,0,100,100,100,65.71,0,10-03-00,10-09-00,1
20000926,48265,Kerr County,TX,0,100,100,100,65.71,0,09-26-00,10-02-00,1
20000919,48265,Kerr County,TX,0,100,100,100,100,0,09-19-00,09-25-00,1
20000912,48265,Kerr County,TX,0,100,100,100,100,0,09-12-00,09-18-00,1
20000905,48265,Kerr County,TX,0,100,100,100,100,0,09-05-00,09-11-00,1
20000829,48265,Kerr County,TX,0,100,100,100,5.96,0,08-29-00,09-04-00,1
20000822,48265,Kerr County,TX,0,100,100,100,0,0,08-22-00,08-28-00,1
20000815,48265,Kerr County,TX,0,100,100,100,0,0,08-15-00,08-21-00,1
20000808,48265,Kerr County,TX,0,100,100,61.3,0,0,08-08-00,08-14-00,1
20000801,48265,Kerr County,TX,0,100,100,0,0,0,08-01-00,08-07-00,1
20000725,48265,Kerr County,TX,0,100,62.64,0,0,0,07-25-00,07-31-00,1
20000718,48265,Kerr County,TX,0,100,35.98,0,0,0,07-18-00,07-24-00,1
20000711,48265,Kerr County,TX,0,100,0,0,0,0,07-11-00,07-17-00,1
20000704,48265,Kerr County,TX,0,100,0,0,0,0,07-04-00,07-10-00,1
20000627,48265,Kerr County,TX,0,100,48.75,0,0,0,06-27-00,07-03-00,1
20000620,48265,Kerr County,TX,13.27,86.73,45.6,0,0,0,06-20-00,06-26-00,1
20000613,48265,Kerr County,TX,11.92,88.08,45.6,0.04,0,0,06-13-00,06-19-00,1
20000606,48265,Kerr County,TX,1.52,98.48,45.6,0.04,0,0,06-06-00,06-12-00,1
20000530,48265,Kerr County,TX,0,100,100,100,0,0,05-30-00,06-05-00,1
20000523,48265,Kerr County,TX,0,100,100,100,0,0,05-23-00,05-29-00,1
20000516,48265,Kerr County,TX,0,100,100,100,0,0,05-16-00,05-22-00,1
20000509,48265,Kerr County,TX,0,100,100,100,0,0,05-09-00,05-15-00,1
20000502,48265,Kerr County,TX,0,100,100,100,0,0,05-02-00,05-08-00,1
20000425,48265,Kerr County,TX,0,100,100,100,0,0,04-25-00,05-01-00,1
20000418,48265,Kerr County,TX,0,100,100,100,0,0,04-18-00,04-24-00,1
20000411,48265,Kerr County,TX,0,100,100,100,0,0,04-11-00,04-17-00,1
20000404,48265,Kerr County,TX,0,100,100,100,0,0,04-04-00,04-10-00,1
20000328,48265,Kerr County,TX,0,100,100,100,0,0,03-28-00,04-03-00,1
20000321,48265,Kerr County,TX,0,100,100,100,0,0,03-21-00,03-27-00,1
20000314,48265,Kerr County,TX,0,100,100,100,0,0,03-14-00,03-20-00,1
20000307,48265,Kerr County,TX,0,100,100,100,0,0,03-07-00,03-13-00,1
20000229,48265,Kerr County,TX,0,100,100,100,0,0,02-29-00,03-06-00,1
20000222,48265,Kerr County,TX,0,100,100,100,0,0,02-22-00,02-28-00,1
20000215,48265,Kerr County,TX,0,100,100,100,0,0,02-15-00,02-21-00,1
20000208,48265,Kerr County,TX,0,100,100,100,0,0,02-08-00,02-14-00,1
20000201,48265,Kerr County,TX,0,100,100,100,0,0,02-01-00,02-07-00,1
20000125,48265,Kerr County,TX,0,100,100,100,0,0,01-25-00,01-31-00,1
20000118,48265,Kerr County,TX,0,100,100,100,0,0,01-18-00,01-24-00,1
20000111,48265,Kerr County,TX,0,100,100,100,0,0,01-11-00,01-17-00,1
20000104,48265,Kerr County,TX,0,100,100,100,0,0,01-04-00,01-10-00,1
,,,,,,,,,,,,, 
